Mean1,STD1,SKW1,KUR1,Mean2,STD2,SKW2,KUR2,Mean3,STD3,SKW3,KUR3,Mean4,STD4,SKW4,KUR4,Mean5,STD5,SKW5,KUR5,Mean6,STD6,SKW6,KUR6,Mean7,STD7,SKW7,KUR7,Mean8,STD8,SKW8,KUR8,Mean9,STD9,SKW9,KUR9,Mean10,STD10,SKW10,KUR10,Mean11,STD11,SKW11,KUR11,Mean12,STD12,SKW12,KUR12,Mean13,STD13,SKW13,KUR13,Mean14,STD14,SKW14,KUR14,Mean15,STD15,SKW15,KUR15,Mean16,STD16,SKW16,KUR16,Mean17,STD17,SKW17,KUR17,Label
-0.012292602,0.081529588,0.003023093,2.683620691,-0.021572754,0.082894459,0.022205977,2.722643852,-0.021288574,0.081713229,0.014879951,2.698999166,-0.005351563,0.083994374,0.001835867,2.700882912,0.008768555,0.08043655,0.009851939,2.661995173,-0.009614746,0.078830808,0.024748249,2.584787369,-0.01322998,0.080954157,0.009019998,2.677668333,-0.013804687,0.082003169,0.008553595,2.642488241,-0.013379394,0.078583881,0.002962127,2.615403414,-0.013614258,0.081487924,-0.01344443,2.716667175,-0.012650879,0.079756208,-0.002176027,2.627143621,-0.013837891,0.08243306,0.01484047,2.762010098,-0.013682129,0.083490983,-0.012068084,2.735709429,-0.013942871,0.081815004,0.000452097,2.720692635,-0.012502441,0.082392335,-0.017118186,2.686220407,-0.012896973,0.079357289,-0.023219252,2.559020758,-0.014081054,0.079924472,0.01531272,2.64269805,M3
-0.013161896,0.081045844,0.001796997,2.712918758,-0.012705566,0.081155956,0.003982454,2.661541462,-0.012873535,0.080192268,0.010818012,2.657783031,-0.013182129,0.082477517,0.014290246,2.728449345,-0.013783203,0.07938128,-0.005663032,2.630244493,-0.013936523,0.080901317,0.01715995,2.741588593,-0.012574219,0.083056152,-0.005616323,2.861713648,-0.013700196,0.079374976,-0.016437396,2.658330917,-0.013502929,0.083321035,-0.00850737,2.758086443,-0.012298828,0.079048961,-0.00464025,2.617059469,-0.013583008,0.081160262,0.004182179,2.709661961,-0.012998047,0.082945339,0.029481521,2.758601189,-0.013563965,0.080057405,-0.025791405,2.66159749,-0.013368164,0.081858359,0.017301159,2.732814789,-0.012716797,0.079233944,0.003714554,2.613081217,-0.012816895,0.079920985,0.005357101,2.684137583,-0.012986328,0.082457408,-0.014183794,2.80779624,M3
-0.020824188,0.085793644,-0.122606456,3.004343748,-0.013697266,0.080808267,-0.019608177,2.675729036,-0.013302734,0.083360381,0.051997293,2.79348278,-0.013802246,0.080625832,-0.021771796,2.658611774,-0.012930664,0.079827197,0.027669312,2.701028347,-0.014037598,0.084219962,-0.008499545,2.812586308,-0.012786621,0.080997907,-0.013541292,2.637839079,-0.012990722,0.083318025,0.017099706,2.7878232,-0.01279834,0.081090227,-0.002438208,2.691269398,-0.013955078,0.079471081,0.030535027,2.642848492,-0.013169434,0.081469879,8.68E-05,2.663267612,-0.07926514,0.10825149,0.033013456,3.111397028,-0.066395506,0.086680956,-0.034537915,2.760782719,-0.019055665,0.079579845,-0.001475865,2.646329403,-0.011608887,0.078116342,0.020041073,2.628468513,-0.012187012,0.082706146,0.020282187,2.752714396,-0.011204101,0.080518708,-0.001518562,2.640808582,M3
-0.01310791,0.080995038,0.001862736,2.683199167,-0.01263916,0.082264923,0.01425516,2.680374384,-0.013399414,0.080886021,0.024655819,2.69507432,-0.012710937,0.079664201,-0.002089576,2.636425018,-0.012896973,0.083077833,-0.002284695,2.741981506,-0.012631836,0.081855595,-0.014788454,2.643586636,-0.013700196,0.081419684,0.009268409,2.672499895,-0.012439453,0.079922311,-0.007103676,2.626168251,-0.012764649,0.078425281,0.017547555,2.587738037,-0.01403125,0.081710666,-0.001887581,2.681192398,-0.013252442,0.080363683,-0.018865908,2.700969219,-0.012680664,0.08132872,0.010132961,2.731183529,-0.013620117,0.081964649,-0.00698159,2.759084702,-0.013457031,0.078475669,-0.006001815,2.591660738,-0.01305957,0.082113914,0.018342946,2.734417915,-0.013063964,0.082919948,0.004026346,2.722777128,-0.013378906,0.07934498,-0.00936038,2.625259399,M3
-0.013246338,0.080361299,0.005882521,2.665142536,-0.013092773,0.081371054,0.013275937,2.633452654,-0.013808594,0.078551255,0.023708317,2.61106205,-0.012848144,0.079877734,0.013160404,2.618562937,-0.013683106,0.080264889,0.007950259,2.597298622,-0.013290039,0.078161985,0.019885948,2.626127958,-0.012940918,0.081612416,-0.017984228,2.688441277,-0.01315625,0.078309596,0.019355744,2.644535065,-0.013442871,0.080677196,0.020601446,2.71611619,-0.013513183,0.083038084,0.017969234,2.68650651,-0.013128906,0.080137976,0.015377945,2.629247189,-0.012652832,0.08188317,-0.010184409,2.680022478,-0.013078613,0.079690203,-0.026186002,2.645802975,-0.013799804,0.080735855,-0.007929049,2.731687069,-0.013520996,0.082668066,-0.009811629,2.759214163,-0.013656738,0.078939714,0.010871338,2.615749359,-0.012327637,0.079678543,0.008641474,2.670037985,M3
-0.013910919,0.195105076,1.031070113,19.15571213,-0.013071777,0.078562953,0.018449221,2.572032213,-0.013966797,0.07976494,-0.009076615,2.627944946,0.167312503,0.669517219,-0.393595576,2.172250986,-0.173933104,0.0978029,0.277135342,3.052276611,-0.059047364,0.08435452,-0.009697168,2.727041483,-0.00915332,0.079226434,0.006684868,2.683169127,-0.009465332,0.0793617,0.022530127,2.690808058,-0.011006836,0.083917134,-0.009963454,2.839341879,-0.011237305,0.081094831,0.020213002,2.693917751,-0.012388184,0.080223605,0.017916312,2.639689684,-0.012362793,0.080843933,-0.010812588,2.686170101,-0.012840332,0.079096258,-0.010604341,2.624709368,-0.012861328,0.080982015,0.016475841,2.739413738,-0.013058593,0.079207063,0.000740733,2.632509232,-0.013118164,0.079260066,0.015718726,2.641072273,-0.012375977,0.08081796,-0.023165258,2.713100672,M3
-0.013408386,0.080848366,-0.007456336,2.687917233,-0.01305957,0.079630978,-0.007303101,2.631967068,-0.013562988,0.083314218,-0.009639676,2.734307766,-0.013648437,0.08096619,-0.021983679,2.713636398,-0.013121094,0.079613626,0.01280982,2.632099628,-0.012704589,0.081888154,0.002910242,2.657806396,-0.013269043,0.080231555,0.011970138,2.663800716,-0.014441406,0.083827518,0.017439181,2.806276798,-0.013053223,0.080509551,-0.014411753,2.689710617,-0.014072753,0.078938246,-0.01548898,2.5879879,-0.01312793,0.081585526,-0.031539619,2.678395987,-0.012825196,0.078754902,-0.010636533,2.654760599,-0.013727051,0.081263348,0.004158629,2.697478056,-0.013714355,0.081487037,-0.019875664,2.672672987,-0.013591797,0.079417251,-0.003470981,2.604517937,-0.013032227,0.082463287,-0.012824227,2.768034697,-0.013582519,0.079482473,-0.02068555,2.701610327,M3
-0.019928802,0.194475621,1.437474132,17.74760818,-0.013077637,0.08311452,-0.018063927,2.674657345,-0.01361084,0.081696004,-0.001687183,2.671617031,-0.012632324,0.078791045,-0.018905198,2.62762475,-0.012719726,0.081817053,0.013287065,2.660970926,-0.013992676,0.079674594,-0.007205334,2.651478291,-0.013289062,0.081284292,0.018441748,2.726287365,-0.012650879,0.080936991,-0.012961489,2.652249336,-0.013423828,0.079037569,-0.007766845,2.599321365,-0.013180176,0.081637189,0.000364253,2.666095495,-0.013421875,0.082288504,0.002752612,2.66096735,0.167443842,0.627407849,-0.127166227,2.149049997,-0.277536124,0.122285083,0.040584136,2.543029785,-0.053036131,0.084329873,-0.043717969,2.755314589,-0.009292481,0.082044713,0.015424514,2.729221821,-0.005496582,0.083498865,0.001877879,2.768267393,-0.008944336,0.081324331,0.024867831,2.656095505,M3
-0.012595002,0.081122801,0.003956358,2.702584982,-0.009380371,0.082433969,-0.024612946,2.748494148,-0.011006348,0.078363553,0.006400862,2.614486456,-0.011560547,0.079839975,0.003491192,2.585856676,-0.011791504,0.08019238,-8.26191E-05,2.611473322,-0.013327149,0.080214538,-0.003795276,2.659521103,-0.012456543,0.082180642,-0.007230922,2.728688717,-0.012174805,0.079059556,-0.001354281,2.636496544,-0.013331543,0.08072646,0.018274471,2.734999418,-0.013353027,0.082128249,0.021515025,2.783853769,-0.012649414,0.080176689,0.034530852,2.716481209,-0.014076171,0.083574101,0.011934827,2.815368176,-0.013075195,0.080809638,-0.015021356,2.649383545,-0.013362793,0.081604846,-0.019430073,2.70819211,-0.01332666,0.083102256,0.017379718,2.726792097,-0.013020996,0.080518082,0.004920155,2.66317749,-0.013626954,0.082742117,0.024008861,2.747195721,M3
-0.013216126,0.080711402,0.013433235,2.690737724,-0.012987304,0.079687811,0.021184649,2.619346619,-0.013452637,0.079865649,-0.001572277,2.663289547,-0.013154785,0.082733184,-0.023744844,2.665004492,-0.013015625,0.078427546,-0.007974207,2.674339771,-0.013155273,0.082915574,0.054751474,2.779543161,-0.013381348,0.079907097,0.001490642,2.636880159,-0.013504883,0.079857275,0.018159654,2.622049093,-0.013509765,0.083888702,0.024936667,2.77257514,-0.012961426,0.08047571,0.020610629,2.697655201,-0.013648437,0.08137621,0.006941555,2.758856058,-0.01328125,0.081075363,0.004081163,2.676099062,-0.013321778,0.079093888,0.015397438,2.614692211,-0.013352539,0.080696493,0.01619233,2.646918058,-0.012741211,0.079337128,0.015412312,2.588793039,-0.012407226,0.08129663,0.029630212,2.773922682,-0.013582519,0.080571555,0.016421571,2.75672698,M3
-0.003975189,0.207219124,1.184176326,17.65623856,-0.013402832,0.079064779,-0.041184116,2.606530428,-0.013424316,0.083466999,-0.01801813,2.763269901,0.003805176,0.421458781,0.051915973,5.131257057,0.099991702,0.636795104,0.136499166,1.922345638,-0.032916505,0.08457987,-0.004625905,2.737888813,-0.003920898,0.08058463,0.02248455,2.660858393,-0.004489746,0.08259958,0.02058474,2.750495911,-0.007530762,0.080831848,-0.004954939,2.70878315,-0.009394043,0.080593742,-0.021744547,2.686458826,-0.010140625,0.080004476,0.00469142,2.710107803,-0.011310547,0.07802856,0.012485057,2.622210503,-0.011799317,0.080294974,-0.00419675,2.700543642,-0.012063965,0.079398952,-0.018987119,2.595764875,-0.012054199,0.081037343,0.002417622,2.737843037,-0.012723144,0.082618661,0.014071077,2.761844158,-0.012229004,0.078949526,-0.010253363,2.62238431,M3
-0.01327063,0.081538357,0.001070454,2.704681158,-0.01314209,0.083211012,-0.00387056,2.748191118,-0.013823731,0.083282918,0.001446006,2.774369955,-0.013483887,0.081680022,0.003460371,2.677458286,-0.01304541,0.082646988,-0.004994689,2.734980822,-0.013518066,0.077886783,0.001726718,2.595122576,-0.012878418,0.080621354,-0.007219431,2.66736722,-0.013421386,0.080288373,0.003998761,2.699949265,-0.013480469,0.08116708,-0.004606595,2.693570375,-0.012426269,0.082620911,0.000969344,2.725023746,-0.013314453,0.07933446,0.011863178,2.623890638,-0.013338379,0.080894634,0.024201671,2.641561031,-0.012996582,0.083397813,0.008447702,2.75158453,-0.013905762,0.082013987,-0.006757287,2.674836159,-0.013272461,0.084763445,-0.002057242,2.76656723,-0.012906739,0.08001399,-0.003799168,2.644211054,-0.013375976,0.08052776,-0.005373761,2.71907115,M3
-0.016895568,0.16825752,0.051237747,25.57537079,-0.013808594,0.080403097,0.007399447,2.699080944,-0.013160156,0.079491004,0.030587433,2.62576437,-0.013434082,0.081248246,-0.012026806,2.63229084,-0.013279785,0.079080574,0.003459777,2.579428434,-0.013606934,0.079394944,-0.011793355,2.661561489,-0.012814942,0.081467651,-0.005251263,2.689296007,-0.011946777,0.08070796,-1.71178E-05,2.670213699,-0.014141602,0.082991563,-0.002516432,2.79910183,-0.013572265,0.080524132,0.007900704,2.673723459,-0.012699218,0.080021471,-0.00334743,2.6641891,-0.050746582,0.591726363,0.19026123,2.683261871,-0.021737793,0.100599043,-0.527434111,3.544947147,-0.01577295,0.083190687,0.00034122,2.708202124,-0.016819336,0.080420196,0.003175869,2.628062963,-0.016458008,0.080130346,0.006868081,2.641739607,-0.016330078,0.082159407,0.001899017,2.718552828,M3
-0.013542419,0.081047244,0.006599285,2.706599712,-0.013961426,0.07961721,0.017351782,2.689866304,-0.014887207,0.082982562,-0.011201184,2.756233692,-0.01333545,0.080354139,0.021698764,2.64942956,-0.014066895,0.079582654,0.017198697,2.609966993,-0.01428125,0.082569502,0.003691287,2.768128872,-0.013166992,0.079931997,0.0019142,2.67906785,-0.013612793,0.083484463,0.020799562,2.814913511,-0.01351123,0.081086233,0.003290972,2.687615633,-0.013753418,0.079849035,-0.029018434,2.662137508,-0.012945312,0.082651995,-0.012648962,2.734151363,-0.013147949,0.081045322,0.031225624,2.717942238,-0.012504394,0.081810653,0.011336074,2.688937426,-0.013897949,0.079269446,0.012536714,2.66739583,-0.013271973,0.079241961,-0.006818767,2.61715579,-0.013173828,0.082378618,0.006581084,2.757309914,-0.013160644,0.080716953,0.018788911,2.698919058,M3
-0.013272156,0.08105626,0.006246125,2.690275908,-0.01272998,0.081447907,-0.012969104,2.749739647,-0.014015625,0.08133138,0.031980406,2.716459036,-0.012992187,0.078454792,-0.023649959,2.642839193,-0.013758789,0.082479365,0.011275235,2.679143667,-0.012661621,0.083157137,0.024396708,2.778095961,-0.013488282,0.081929013,0.019633628,2.76548171,-0.013406739,0.082496986,-0.022852354,2.634430647,-0.013199707,0.07967557,-0.009068884,2.642625809,-0.013253906,0.08083459,-0.018591266,2.637601852,-0.012972657,0.079791754,0.016732588,2.615497828,-0.013513183,0.081602529,0.001174343,2.701687098,-0.013015625,0.081542186,0.029942429,2.742579222,-0.013803711,0.078518651,-0.007560299,2.612646341,-0.012540039,0.080217667,0.010470513,2.665152311,-0.013568359,0.081760399,0.015026949,2.681190252,-0.013434082,0.08150731,0.02856499,2.698677063,M3
-0.002725464,0.230600223,-0.692806005,12.92302704,-0.013146484,0.08379551,0.026893545,2.728452206,-0.013825195,0.080012187,0.002018063,2.637541294,-0.252317369,0.716382205,0.505994737,2.024019003,0.382716805,0.140099898,-0.357348442,2.943621159,0.060107421,0.114675358,0.080106899,2.61032939,-0.029371094,0.081313677,0.021761619,2.647352219,-0.026551757,0.078197151,-0.00868513,2.571799755,-0.023474609,0.079757892,0.012825074,2.6416924,-0.020914063,0.082145117,0.002858507,2.690354109,-0.017407715,0.081324749,-0.004111747,2.689231396,-0.015977051,0.083749257,-0.004774474,2.727796078,-0.015319336,0.079532623,0.000510192,2.647886515,-0.014657714,0.081217103,-0.018342372,2.68516469,-0.014999024,0.085282885,0.001766147,2.74390626,-0.014730957,0.08184126,0.025371719,2.700073481,-0.013739258,0.083183579,0.009238508,2.765529871,M3
-0.013352875,0.080900922,-0.001454302,2.685707808,-0.01299414,0.080213502,0.00203054,2.611415863,-0.014120117,0.079148896,-0.006158302,2.636193275,-0.012445313,0.081632882,-0.01837437,2.691699505,-0.013563965,0.079408281,0.024671592,2.642105579,-0.013843262,0.081767641,0.019448258,2.745459795,-0.013078613,0.079972371,0.00041434,2.652259111,-0.013075195,0.079294942,-0.012746374,2.606051683,-0.01319336,0.083387509,0.009395502,2.809286594,-0.013568359,0.080777347,0.003113602,2.70295763,-0.013527832,0.084210902,-0.036907509,2.764319658,-0.012938476,0.081164725,-0.001082776,2.671194315,-0.013303711,0.079124011,0.008113588,2.616798401,-0.013338379,0.083120503,-0.003876179,2.738869667,-0.012896485,0.080328822,-0.020001715,2.654979467,-0.01436914,0.081308424,-0.006821033,2.698997498,-0.013389649,0.079332776,0.021038709,2.595363617,M3
-0.024797333,0.228059173,0.9238078,13.58048058,-0.013438965,0.07922633,-0.001038114,2.606583357,-0.013039551,0.082441211,-0.009481218,2.735027313,-0.012486328,0.081246398,0.00017003,2.682912827,-0.013611817,0.081080228,-0.010568788,2.751903772,-0.013470215,0.082069576,-0.001364669,2.723366976,-0.013085937,0.079048797,-0.013995615,2.605480909,-0.012650391,0.082561634,-0.003584858,2.722718954,-0.013991211,0.081860438,-0.036048561,2.704846859,-0.012628418,0.081114843,0.005218921,2.691700697,-0.013536133,0.099645123,0.013556891,7.678626537,0.153895989,0.756506801,-0.19477272,1.55434072,-0.350907236,0.146966591,0.065190122,2.270811796,-0.05903174,0.08854676,-0.091481149,2.768259525,-0.002192383,0.078682832,0.016676886,2.548685789,-0.0010625,0.080128238,0.000235187,2.702636719,-0.005520508,0.079761244,-0.023513597,2.615512609,M3
-0.011950928,0.08104457,0.002304498,2.685229063,-0.006626465,0.081464909,0.022360528,2.770492792,-0.009390137,0.082384706,-0.005056775,2.761399269,-0.00939209,0.078838997,-0.000603807,2.647760391,-0.010787598,0.081258334,-0.02735316,2.728304625,-0.011788574,0.080204293,0.009025687,2.623065948,-0.012876953,0.082234956,0.027915293,2.676849365,-0.012316895,0.083198309,-0.001735111,2.776384592,-0.013253906,0.08079765,-0.007477091,2.612281561,-0.012285156,0.081163235,0.006725576,2.68557477,-0.013452637,0.079104297,-0.018242979,2.558463573,-0.012644043,0.08087223,0.01482077,2.672302008,-0.01408789,0.083457515,-0.013652137,2.671538591,-0.012401368,0.079609752,-0.013760274,2.708467245,-0.013746582,0.081845701,0.021755498,2.701428175,-0.012711426,0.07890179,0.010943331,2.631737471,-0.013453125,0.080859922,0.012002005,2.63982296,M3
-0.013288574,0.081112504,0.006654737,2.686501026,-0.013168457,0.084255375,0.004591714,2.743933201,-0.013502929,0.079281799,0.040294208,2.630389214,-0.013838867,0.082750544,0.015274059,2.74504447,-0.012927734,0.079170942,-0.001018628,2.631210804,-0.013247559,0.080231316,-0.000924264,2.637176037,-0.013330567,0.081055433,0.013774755,2.625893593,-0.013120606,0.079692937,0.013468314,2.618516445,-0.013242188,0.082159556,-0.005900305,2.660148621,-0.01307666,0.079420745,0.002470012,2.662041664,-0.01367334,0.078972116,0.003876354,2.635878086,-0.013908203,0.083424665,-0.006134236,2.831795931,-0.012684571,0.080611452,0.016017526,2.689838171,-0.012942871,0.080476522,-0.00378422,2.67508769,-0.01248291,0.081602782,0.008943567,2.65764904,-0.013940429,0.08029113,0.019644415,2.661661625,-0.013529297,0.084134251,-0.007430377,2.737243891,M3
-0.01278888,0.177590147,-0.266068935,22.14188576,-0.01260791,0.080997199,0.027476361,2.679060698,-0.009723633,0.477755249,0.019900432,4.113856792,-0.065314457,0.422284603,-0.015460507,4.184799194,0.046287596,0.084678397,-0.034291107,2.644941092,-0.00830957,0.0819152,-0.035551395,2.735760212,-0.015538086,0.079758085,-0.023420962,2.663968325,-0.016401855,0.080336578,0.001309285,2.676032066,-0.015021484,0.080318518,-0.009754026,2.666782856,-0.014712403,0.079647958,-0.010123553,2.664487123,-0.013475586,0.083576843,0.027765324,2.757301807,-0.014515625,0.081664771,0.014356329,2.671677351,-0.012793457,0.081236638,0.011788629,2.746995926,-0.01390625,0.081045628,0.019677332,2.682940245,-0.012990722,0.078285068,0.022905711,2.58195281,-0.012963867,0.079763159,-0.007954471,2.658505917,-0.012634765,0.079946913,0.002403945,2.643935204,M3
-0.013027191,0.080588937,-0.000706855,2.695739508,-0.013320801,0.080881394,0.018466236,2.72614193,-0.013504394,0.081544437,0.039540064,2.683349609,-0.012402832,0.079560086,0.01394343,2.6582129,-0.01383252,0.082834713,-0.014336278,2.735740662,-0.013269043,0.081960283,-0.006866904,2.787518501,-0.012683106,0.079023272,0.004177566,2.666910172,-0.014180176,0.080790319,-0.004938126,2.730887413,-0.012133789,0.078733109,-0.006543031,2.615317106,-0.013472168,0.082418412,0.03631958,2.79324317,-0.012430664,0.081749074,-0.0067599,2.731666803,-0.013024414,0.079434484,0.005613153,2.607693672,-0.012958985,0.081104994,-0.033725075,2.678446054,-0.012833008,0.078216128,-0.025143405,2.606617451,-0.013081543,0.080605991,-0.021555196,2.66281271,-0.013140625,0.081765763,-0.01176898,2.715895414,-0.012166992,0.078607269,0.007687702,2.622317076,M3
0.002069153,0.096797906,0.611899137,3.988040924,-0.013218261,0.080402099,-0.007662296,2.705276966,-0.012677735,0.079158701,-0.003084284,2.618614912,-0.013498046,0.081727386,0.010492593,2.703355551,-0.012668945,0.084025465,0.004864363,2.797506332,-0.013429687,0.079599649,0.001453771,2.641285181,-0.012458008,0.080294542,-0.012110896,2.686822891,-0.013418457,0.078997232,0.03063553,2.592484951,-0.01409375,0.080779791,-0.009255893,2.577286005,-0.012228516,0.081824616,-0.000732734,2.694452286,-0.013871094,0.079418011,-0.005048305,2.599322319,0.160997063,0.131795228,-0.412358999,2.583358526,0.065253906,0.091675706,0.0633431,2.736891508,-0.009098633,0.081371203,0.002019499,2.698610067,-0.018197266,0.083063811,0.03330702,2.725200415,-0.018451171,0.079102866,0.027172282,2.626510859,-0.015834961,0.080625199,-0.001721551,2.64075923,M3
-0.01375708,0.080733083,0.005049822,2.68651557,-0.014934082,0.079632282,-0.04276913,2.675033092,-0.014976074,0.079850867,0.020098709,2.726676702,-0.01409082,0.084124118,0.006450777,2.80487299,-0.01411084,0.07982865,0.003811356,2.679545164,-0.013344727,0.0800827,0.014939176,2.606557608,-0.013952637,0.079940736,0.012123674,2.603670597,-0.012858886,0.078813195,-0.001804319,2.640058756,-0.013207519,0.08226373,-0.010846326,2.687348127,-0.013686524,0.07979282,0.003511506,2.62716651,-0.013895508,0.080095559,-0.000201048,2.673097849,-0.013561036,0.080088206,0.027447753,2.658713341,-0.01287207,0.079023413,0.021781284,2.617397547,-0.013751465,0.083697349,0.028706862,2.840853453,-0.01340918,0.081691504,0.005564644,2.6708529,-0.013690918,0.080192626,-0.003090724,2.642086267,-0.013770996,0.082376018,-0.005853829,2.697361231,M3
-0.013370941,0.080491677,0.008014805,2.680577278,-0.013539063,0.079352446,-0.008866978,2.584314823,-0.013254395,0.081433751,0.024402559,2.594796658,-0.013277343,0.079996109,0.015331776,2.649175406,-0.013593262,0.081861652,0.020774869,2.740836859,-0.013399414,0.081212766,0.014247604,2.7368927,-0.014126953,0.078600407,0.0135827,2.662698269,-0.012588867,0.081796579,-0.002328802,2.735640287,-0.013940918,0.081525549,0.016739883,2.712897301,-0.01293457,0.07906612,-0.000292425,2.613892317,-0.013146484,0.081348933,0.018516527,2.678261757,-0.013572754,0.079278916,0.012540717,2.657148838,-0.013398438,0.082464486,0.004327197,2.808209181,-0.01291455,0.081296213,0.00481158,2.760539293,-0.013703125,0.079173043,-0.00300115,2.574623346,-0.013371094,0.080834106,0.001087723,2.667452097,-0.013173828,0.078488864,-0.008784674,2.620396137,M3
-0.003118591,0.199343756,1.204649448,19.34462547,-0.012912109,0.081466936,0.017611193,2.717937708,-0.013787597,0.08202216,0.023714138,2.690901279,0.201806158,0.694658399,-0.435581595,2.071200609,-0.08607129,0.11038968,-0.477607727,3.14038825,-0.013089844,0.079032406,-0.006324706,2.680470705,-0.007997558,0.082695387,-0.015819596,2.680829287,-0.009300293,0.08415731,0.026057538,2.715306282,-0.010190918,0.079603612,0.03573595,2.608180761,-0.010899414,0.081460424,0.00278154,2.714348555,-0.01170459,0.079253584,-0.000664534,2.634781599,-0.011990234,0.080130376,0.017660927,2.640244007,-0.01299414,0.080696627,0.014141417,2.656435728,-0.013074218,0.078391567,0.004684831,2.599702835,-0.012272949,0.080607377,0.015326552,2.646170616,-0.012836426,0.079671226,-0.012760391,2.608119965,-0.012582031,0.080188416,0.00487516,2.665079832,M3
-0.013389343,0.080786437,0.002704965,2.677278042,-0.013234375,0.082141399,-0.025831353,2.75198698,-0.013021484,0.079429857,0.021423131,2.588280201,-0.01349707,0.080081366,0.008433647,2.675746918,-0.013293945,0.080169633,0.011644926,2.655273199,-0.013493164,0.081482172,-0.000979208,2.723672867,-0.013574707,0.082993515,-0.005299378,2.765237093,-0.013695313,0.079580508,-0.015488232,2.638114691,-0.012868164,0.079949088,-0.002176303,2.608344316,-0.014040527,0.07966762,-0.021617103,2.621425629,-0.013329102,0.079760641,0.012863725,2.665709496,-0.012499023,0.083119817,0.02582234,2.712435484,-0.013844239,0.080577679,-0.005955238,2.633762836,-0.013984375,0.079717427,0.009909414,2.65823698,-0.013588379,0.07992664,0.024033917,2.671202898,-0.012901856,0.078967974,0.009907568,2.599885941,-0.013363769,0.08478459,-0.003182393,2.738134623,M3
-0.019187745,0.210894614,1.129735351,16.2882576,-0.013400879,0.080430642,0.005785067,2.669832945,-0.014284668,0.079733372,0.015960991,2.621958971,-0.012726562,0.082390696,-4.5793E-06,2.719515085,-0.013533203,0.078878827,0.008880987,2.644182444,-0.012850586,0.08085224,0.030832415,2.629783392,-0.013929687,0.079272814,-0.009936888,2.662165403,-0.014005859,0.079157822,0.001874217,2.629624844,-0.013283203,0.082108632,0.021998513,2.700653553,-0.012599121,0.080206655,0.007687463,2.694255352,-0.01896045,0.145246252,0.118963346,13.62036133,0.137551755,0.720991313,-0.164827749,1.714131474,-0.233129889,0.116241202,0.013797299,2.553100824,-0.04466797,0.086624116,0.033172704,2.763451338,-0.009333496,0.081564657,0.008869691,2.738776684,-0.00813916,0.082319938,0.003897814,2.735718489,-0.009710938,0.081135236,0.006798461,2.675671101,M3
-0.012813781,0.080891117,0.008488615,2.696746349,-0.010875977,0.07878764,-0.008240178,2.634724855,-0.011670899,0.081291579,0.033877641,2.65819931,-0.012086914,0.079860672,0.026951039,2.633586407,-0.012110352,0.082043692,0.000874104,2.740598202,-0.013463379,0.080584809,-0.02472998,2.649127483,-0.013007324,0.077761121,0.016392708,2.631565809,-0.013025391,0.080865405,0.000339494,2.714905977,-0.01298584,0.082477503,0.041980881,2.798818827,-0.013738769,0.083237186,0.007312271,2.663975954,-0.013481446,0.082906455,0.013669119,2.792093515,-0.013320313,0.079700083,0.016297007,2.630303144,-0.013109864,0.082445025,0.006290878,2.73817873,-0.012992187,0.081638463,-0.004732337,2.782987595,-0.013057129,0.080678441,0.024847837,2.658280134,-0.013299805,0.080880113,0.01234112,2.687538147,-0.012794922,0.078852236,-0.025730461,2.616323709,M3
-0.013282257,0.08082132,0.010840683,2.682628632,-0.013736816,0.08041925,0.012326622,2.653415918,-0.012998047,0.082261644,-0.005157306,2.701519728,-0.013242676,0.079612695,0.011408236,2.670858383,-0.01269873,0.083089903,0.009926866,2.696174622,-0.013275879,0.079259351,0.002750071,2.668997526,-0.013611817,0.08089719,-0.003262938,2.694412708,-0.014072753,0.084701627,0.029982908,2.786301136,-0.013804687,0.080717131,-0.004129671,2.63470006,-0.013410157,0.082181834,0.018094383,2.743353844,-0.012827637,0.079731494,0.007108876,2.60039854,-0.013028809,0.07907594,0.047439858,2.674361467,-0.01305127,0.081238262,0.02526057,2.646118164,-0.013707031,0.079563737,0.025876997,2.613346338,-0.013038574,0.082263298,-0.000887062,2.763924599,-0.012341308,0.078397609,-0.018146453,2.613358736,-0.013669922,0.079476386,0.015838169,2.632202625,M3
0.013119903,0.163401231,2.692817688,12.41525173,-0.013328125,0.082878336,-0.002414165,2.751102686,-0.012664063,0.079818465,0.018113099,2.609787226,0.246871576,0.369119704,0.617179275,1.617980123,0.302624524,0.195832089,0.31813544,2.230503082,-0.016693847,0.085706368,0.004384618,2.746191263,-0.053066894,0.083993122,0.004644045,2.791414499,-0.048136231,0.079893865,-0.002054016,2.635884762,-0.038774416,0.078862883,-0.000204834,2.596457005,-0.031081054,0.080530733,-0.011641902,2.712182045,-0.024271484,0.078887992,-0.002344335,2.585216045,-0.01998291,0.082204483,0.040525507,2.725264788,-0.019637207,0.079641946,0.002950248,2.602715254,-0.016482422,0.079494655,0.025129888,2.657246351,-0.015413574,0.081348382,0.004728246,2.733690977,-0.015187012,0.079355426,-0.002291274,2.626393557,-0.014858399,0.083676361,-0.026627092,2.719532013,M3
-0.013191803,0.081117161,-0.002064231,2.704598904,-0.013914551,0.081386633,-0.008460416,2.723078966,-0.013949219,0.079885155,0.018202316,2.659304142,-0.013509765,0.082874127,0.003035087,2.731050968,-0.013292969,0.08061818,-0.004156269,2.662239552,-0.013112305,0.081249326,-0.002209537,2.709751844,-0.013449707,0.079685837,-0.004184166,2.603274345,-0.013219238,0.078739859,0.018110035,2.621866941,-0.012817871,0.081185244,0.006077299,2.708284378,-0.012534668,0.080336668,-0.015070959,2.702624559,-0.012747071,0.082248621,-0.002556838,2.746054888,-0.013644043,0.081743188,-0.006816162,2.662649393,-0.013208984,0.078636914,0.005043507,2.685647726,-0.012694824,0.083015881,-0.00519659,2.758065224,-0.012837403,0.081971854,-0.015501819,2.744359016,-0.013200196,0.081907585,0.013898019,2.748659849,-0.012936035,0.082241416,-0.031048236,2.727564096,M3
-0.012474304,0.181983158,0.613241136,21.3080368,-0.013646972,0.07889872,-0.019169034,2.611644983,-0.012652344,0.080485307,0.017446972,2.683015585,-0.012920898,0.079498649,0.001031302,2.621709347,-0.013365234,0.081176892,-0.005756311,2.678823709,-0.013451172,0.082106225,-0.000907595,2.707785368,-0.012655762,0.078740269,0.01225068,2.553518057,-0.013279785,0.081317596,0.005338686,2.693467379,-0.012903809,0.081532404,0.014323404,2.772620678,-0.013026856,0.081125975,0.000152796,2.731076002,-0.013187989,0.0837567,-0.009484421,2.734848499,0.096609376,0.637066185,-0.2796399,2.269781113,-0.074564449,0.122922242,0.77062583,3.693662405,-0.050408203,0.084643096,-0.00616029,2.79029417,-0.015075684,0.080042832,0.017772857,2.638668537,-0.012716797,0.081272691,-0.012391948,2.708984852,-0.012342285,0.078461975,-0.02280711,2.582288027,M3
-0.013156647,0.080795802,0.004637072,2.674807787,-0.012458985,0.079959027,0.022703737,2.646456003,-0.013401856,0.082275756,-0.018095285,2.69128561,-0.013075195,0.079340227,-0.001542948,2.638269424,-0.013257813,0.08288534,0.017554887,2.711726427,-0.01279834,0.079907902,-0.027808895,2.64179039,-0.013881348,0.080221757,-0.008728134,2.709457636,-0.01315918,0.085274629,0.00186414,2.770540476,-0.012998535,0.080336042,0.012263655,2.645839691,-0.013635742,0.082328357,0.009039107,2.773569107,-0.013140136,0.079676472,0.028009038,2.60512495,-0.013340821,0.079452857,-0.00423138,2.576107025,-0.013159668,0.081396148,0.021706803,2.631772995,-0.013105469,0.078612253,0.003944889,2.642950535,-0.012719726,0.082347684,0.018737154,2.707452536,-0.013737305,0.079458192,-0.004836632,2.631918669,-0.01263623,0.07898201,0.002998922,2.626956224,M3
-0.013403839,0.080688208,0.004082561,2.673568726,-0.014291503,0.083237581,0.016077926,2.767966986,-0.012768555,0.080221176,-0.00702642,2.670397282,-0.012736328,0.080590427,-0.001194026,2.70188117,-0.014220703,0.080853418,0.030713046,2.660106182,-0.012692383,0.079987928,0.021300485,2.650930643,-0.013465332,0.084152095,0.023846675,2.746919155,-0.013783691,0.08023309,-0.015973853,2.666444778,-0.013383789,0.07977847,0.013288872,2.624813318,-0.013527344,0.079318076,0.003104993,2.653110504,-0.013437011,0.078898974,0.009074948,2.589225531,-0.01351123,0.08223886,-0.002433212,2.669106007,-0.013276367,0.080419205,-0.010047359,2.669107437,-0.013300781,0.078357883,-0.012811523,2.592252254,-0.014035156,0.08073768,0.004359544,2.6888237,-0.012892578,0.078640565,-0.003312705,2.601096869,-0.013138672,0.083092056,-0.004465196,2.69798708,M3
-0.014801269,0.165543601,1.358615875,23.3497715,-0.013445312,0.082256861,-0.010831211,2.704252243,-0.012787109,0.079295747,-0.027755046,2.639092445,0.136138678,0.536914766,-0.174822465,3.046072483,-0.179210454,0.090984583,0.031329479,2.705188751,-0.042525392,0.082451351,0.002604066,2.702779531,-0.009550781,0.080471009,0.014686845,2.607727528,-0.007917481,0.07756865,0.027851243,2.596465826,-0.009758301,0.080023713,0.00152627,2.700945616,-0.010419434,0.078871861,-0.002558619,2.640021563,-0.011895508,0.081326962,-0.015341337,2.726712942,-0.012662598,0.081684805,-0.022141838,2.729127407,-0.011867676,0.079208672,0.004747395,2.577557802,-0.01207373,0.081701137,0.012914496,2.738469362,-0.012486816,0.080427982,0.010709601,2.730898857,-0.012793457,0.0822099,0.011196092,2.778840065,-0.013564941,0.082244977,0.001815188,2.728369951,M3
-0.013241364,0.080386996,0.002254983,2.68520689,-0.012456055,0.079197638,0.022865564,2.620928288,-0.013294433,0.07942979,-0.006358933,2.675495386,-0.013375976,0.078447431,0.008070949,2.602728844,-0.012810547,0.080704033,-0.004204422,2.685624838,-0.0133125,0.081511825,-0.004908048,2.689094543,-0.013751465,0.078450292,0.013161201,2.644296408,-0.013254883,0.080573916,-0.00109561,2.712311029,-0.012857422,0.081073686,-0.007956712,2.722524881,-0.013572265,0.080988839,-0.014754755,2.660165071,-0.013314453,0.084091298,-0.006612449,2.81610465,-0.01295459,0.079284564,-0.001762409,2.678283215,-0.013497558,0.0802956,0.031372119,2.659440279,-0.013400879,0.082745507,-0.008259606,2.705383539,-0.013501953,0.079676479,0.014105471,2.626789331,-0.01332666,0.081322402,0.006484134,2.67935729,-0.013180176,0.078184232,0.001485223,2.67066884,M3
-0.007552185,0.222402364,-0.802974343,14.17934132,-0.01289209,0.079753496,0.002560624,2.675760269,-0.013507812,0.082181141,0.022089144,2.745343924,-0.01322998,0.080172956,0.008135944,2.681419611,-0.012748047,0.08285448,0.003089302,2.782534599,-0.01406836,0.079929911,0.004923246,2.704806805,-0.012921386,0.079527758,0.026671523,2.643182993,-0.013061035,0.084096484,-0.042639177,2.727889061,-0.013301269,0.080831707,-0.021924488,2.692424536,-0.012943848,0.083099142,0.004216208,2.782046795,-0.01309082,0.080646135,-0.024138011,2.636525154,-0.009125,0.238531992,-0.106770195,13.38123798,-0.128855959,0.736977339,0.063876778,1.554366589,0.219783202,0.195970044,-0.217368811,1.919096589,-0.023060547,0.082188405,-0.014446786,2.738538742,-0.025360839,0.08028888,0.025163015,2.637114525,-0.022451172,0.078676254,0.021842182,2.608522892,M3
-0.014440704,0.081260607,0.003489279,2.697898626,-0.019834962,0.08234477,-0.005158462,2.782439232,-0.017112793,0.080256417,-0.011198341,2.639905453,-0.016342286,0.083930716,0.012103248,2.796250343,-0.015027832,0.08085788,0.000876614,2.673736811,-0.015194336,0.079017378,0.001436217,2.607228756,-0.013894043,0.083740577,-0.009182909,2.683173656,-0.013500976,0.081339024,0.011638072,2.655602694,-0.013698243,0.080970295,-0.005404233,2.702094078,-0.013313477,0.080034293,0.021656374,2.640001535,-0.014085449,0.078868091,0.026310697,2.58544445,-0.012747071,0.081256233,-0.001641624,2.701597214,-0.013516601,0.081452042,0.000332857,2.782495022,-0.012900391,0.081649467,-0.01016279,2.712969303,-0.013191407,0.08206483,0.022569243,2.750510693,-0.013566894,0.079274192,-0.021437421,2.616212845,-0.013124512,0.082607105,0.027721822,2.712552071,M3
-0.013174103,0.080844663,0.009564969,2.689065933,-0.012807129,0.082893208,0.012140232,2.711959124,-0.013517578,0.081249893,0.001555262,2.655002594,-0.012551269,0.081505693,0.013523542,2.694658756,-0.013613281,0.078450233,0.018135557,2.651024103,-0.013105957,0.08016064,0.027508635,2.629989862,-0.012245117,0.079756275,0.020565961,2.632939816,-0.013299316,0.078612961,0.000704491,2.619926453,-0.012958008,0.081553355,0.024802987,2.711441994,-0.013537598,0.079318732,-0.000289525,2.648729563,-0.012803223,0.080412194,0.000633235,2.685391426,-0.012995117,0.083101973,0.017132174,2.783725977,-0.013449707,0.079152048,-0.015763504,2.66638732,-0.013894531,0.083219595,0.006793241,2.732208729,-0.012361328,0.079901248,0.005322907,2.679199457,-0.013900879,0.080620915,0.008080779,2.717993736,-0.013745605,0.083363399,0.010541972,2.693766594,M3
-0.013094177,0.182182044,-0.470114648,21.20722198,-0.012744629,0.079298563,-0.02885988,2.619689226,-0.013327637,0.080032423,0.014495856,2.670158386,-0.018202148,0.568969846,0.054101791,2.942649364,-0.060162596,0.332518965,-0.985083044,4.543654442,0.047493652,0.087264985,0.021024154,2.723397017,-0.008770996,0.079538934,-0.017964438,2.573091507,-0.016082032,0.079522885,0.002158809,2.63740325,-0.016657716,0.078860089,0.002540507,2.626204252,-0.015012207,0.080280975,0.001597032,2.672100306,-0.013602051,0.083826363,0.000660415,2.7792449,-0.014368164,0.080208838,0.006343093,2.653229952,-0.014782715,0.080320761,0.001436631,2.648465395,-0.013304199,0.079348199,-0.005299563,2.67087388,-0.013691895,0.078596041,-0.002887023,2.630695581,-0.013142578,0.081001684,-0.015924096,2.677442312,-0.013148926,0.079014011,0.014678732,2.58984375,M3
-0.013204498,0.08022432,0.002170315,2.66651535,-0.013854492,0.078706518,-0.003475499,2.673354149,-0.013439453,0.080027483,0.024261391,2.631545067,-0.013389649,0.078862771,0.012588316,2.654212713,-0.013002929,0.082868241,-0.006702187,2.71270752,-0.013046875,0.080280542,-0.005163676,2.688220501,-0.01336084,0.079104334,0.001771147,2.654102325,-0.012744141,0.081807844,-0.024465661,2.657314062,-0.013211914,0.079339467,0.0005298,2.634539127,-0.013351074,0.083323404,0.01864722,2.743944168,-0.012729492,0.08088766,-0.009504558,2.708342075,-0.01342041,0.078799382,-0.012210151,2.583067894,-0.013363769,0.080790393,0.010455047,2.675836086,-0.013078125,0.07847923,0.005834871,2.583599091,-0.013290527,0.081810616,0.011259532,2.719749689,-0.013417481,0.080086954,0.016676847,2.606652975,-0.012570801,0.078206405,-0.007691876,2.631814957,M3
0.004873627,0.10694474,1.118866682,5.796899796,-0.013823731,0.081674442,0.032410268,2.737508774,-0.012538086,0.078553505,-0.000175732,2.608196259,-0.013791504,0.083189376,-0.000700183,2.762701988,-0.013654785,0.081608482,0.0027372,2.687084675,-0.012657715,0.079181097,0.017681638,2.594676733,-0.013052735,0.082341515,0.019307774,2.73790884,-0.013329102,0.080740109,0.002890611,2.699995518,-0.01282666,0.080439545,-0.020810353,2.651777029,-0.013165039,0.080140345,-0.016561976,2.657253027,-0.013754883,0.078600183,0.026939057,2.632782221,-0.013162598,0.081184924,0.006922537,2.719026089,0.196814939,0.184788018,-0.358939201,2.158870459,0.080086917,0.098877728,0.067910857,2.747254848,-0.011472168,0.082691625,0.009430539,2.759968281,-0.021879394,0.078822792,0.005051305,2.602379084,-0.01981543,0.081665516,0.029371889,2.673187494,M3
-0.014169739,0.081076555,0.005573049,2.713616133,-0.018478027,0.082262933,-0.017140325,2.735957861,-0.016181152,0.080677003,-0.003061998,2.734373808,-0.014974609,0.083105378,0.017918024,2.744575739,-0.014862793,0.079463981,0.018234095,2.601723433,-0.014450683,0.079551734,0.016892441,2.638144732,-0.014252441,0.080551006,0.01762782,2.704466581,-0.01487207,0.080066018,-0.015941728,2.707507133,-0.012908204,0.081875183,0.03486231,2.755651474,-0.013481934,0.079013206,0.021624407,2.666718006,-0.013245606,0.079889126,0.014753837,2.703071594,-0.013253418,0.082776427,-0.001817214,2.797795057,-0.013166016,0.080910303,0.003173738,2.717366695,-0.013251953,0.083844528,0.003184207,2.751782179,-0.013700684,0.079473786,-0.020288568,2.634247065,-0.012686036,0.080712028,0.015700396,2.666467905,-0.012950195,0.082672402,-0.013946122,2.743386984,M3
-0.013281555,0.080560341,0.015254591,2.694904327,-0.01321289,0.080741122,0.018067535,2.668399572,-0.013317871,0.081590712,0.022357559,2.693483353,-0.013274414,0.078862414,0.000251036,2.604348898,-0.013421875,0.078796543,0.003389036,2.638630152,-0.013277832,0.081748694,0.000502944,2.729556561,-0.012886231,0.079995275,0.009051542,2.653728485,-0.014044922,0.082367487,0.008357289,2.754242182,-0.013340332,0.079351239,0.008001038,2.67680192,-0.012580078,0.079250716,0.016348995,2.686283112,-0.013250488,0.083597504,0.025567789,2.80973959,-0.013261719,0.080431134,0.023102334,2.704508781,-0.013382813,0.083674811,0.029012552,2.770696402,-0.013705079,0.080024928,-0.000878102,2.647395134,-0.013414063,0.078586951,0.01506157,2.602579355,-0.013403809,0.080878012,0.030071849,2.71032095,-0.012730469,0.078836538,0.035068251,2.628457069,M3
-0.014846314,0.199620128,1.055391431,18.24638748,-0.013540039,0.078917682,-0.00128171,2.63832593,-0.013094238,0.080959469,0.00069415,2.656128407,-0.012874512,0.078761548,-0.011973192,2.670037031,0.161007807,0.683877826,-0.329411745,2.032545328,-0.208028808,0.098245092,0.03054936,2.761293173,-0.042164061,0.085906833,0.037446715,2.796718597,-0.007277832,0.082056686,0.006780905,2.710652113,-0.008132813,0.079340704,0.014660834,2.664720058,-0.009367188,0.083002269,-0.004281644,2.705487251,-0.010208008,0.081424363,0.007553392,2.67545867,-0.012028321,0.078570612,0.004289833,2.591677427,-0.011067383,0.080537289,0.003113259,2.621330261,-0.012248047,0.077891514,0.00788945,2.601973057,-0.012185059,0.081874035,0.003199534,2.660871744,-0.013522949,0.081164047,0.007449405,2.658827782,-0.01280957,0.078397326,-0.001078605,2.596434832,M3
-0.013190704,0.080098048,0.001131299,2.668818951,-0.012862304,0.080290154,-0.005520952,2.675219774,-0.013080078,0.077806719,0.019120252,2.609565973,-0.013499023,0.081969127,0.016110571,2.740330458,-0.01325586,0.082882173,0.002966472,2.721086502,-0.012737305,0.079754129,0.007962665,2.653951406,-0.013444336,0.080842353,0.023359857,2.708260298,-0.013392578,0.077957571,-0.001966048,2.626011133,-0.01339209,0.079753719,-0.02084111,2.605267048,-0.012765137,0.079938158,-0.000950758,2.588703156,-0.013053711,0.078612715,0.022938237,2.558682203,-0.013401856,0.080104709,-0.021544321,2.68964076,-0.012774902,0.078412086,0.005354828,2.60045433,-0.013817383,0.080693662,-0.011819833,2.737861395,-0.013386719,0.082733907,-0.002807849,2.805382252,-0.01307666,0.07878992,0.005325752,2.644749165,-0.013111328,0.080828391,-0.015014353,2.611145258,M3
-0.024152832,0.226313725,0.971202016,13.89015675,-0.013106934,0.08009813,-0.01673197,2.650953531,-0.013459961,0.080930188,0.005785586,2.71449995,-0.01379248,0.084052794,-0.00642499,2.761247873,-0.012646484,0.079764023,0.008139437,2.630966425,-0.013764649,0.080103442,-0.022408389,2.634850979,-0.013067871,0.078812793,-0.001785232,2.655369043,-0.01349414,0.079824828,0.005535477,2.664716005,-0.013099121,0.081814699,-0.024358338,2.724751234,-0.01273584,0.079137735,-0.004843779,2.642906666,-0.013444336,0.079662926,-0.01422862,2.626822948,-0.019380372,0.323481321,0.00040392,8.315897942,0.098385252,0.722319007,0.046813671,1.541200042,-0.286864758,0.1462989,-0.076311618,2.376656532,-0.042070314,0.084878504,-0.029087326,2.748367786,-0.001875,0.079972535,-0.015557101,2.674661875,-0.00202832,0.082960263,0.001478207,2.761486769,M3
-0.011769623,0.080759056,0.004492982,2.676591158,-0.006653809,0.079012781,0.006422503,2.641412258,-0.007741211,0.08120013,0.026552163,2.649148941,-0.010116699,0.078953773,-0.016496936,2.579413891,-0.010249511,0.079531983,0.020825213,2.648400545,-0.011610352,0.082938425,-0.018655399,2.718355656,-0.011243164,0.079202443,0.008703288,2.66863203,-0.012970703,0.082720913,-0.004212195,2.739480972,-0.012866211,0.080642626,0.007573868,2.667749166,-0.012987304,0.079308353,0.020871529,2.624239922,-0.012975098,0.083576426,-0.005910704,2.701240301,-0.013658691,0.08095818,-0.008534899,2.6947577,-0.012623535,0.083192773,0.026109762,2.758283854,-0.012981446,0.081703663,0.007940467,2.689684629,-0.013738769,0.078699246,0.013925304,2.626234293,-0.013414063,0.079895124,0.003427946,2.695164204,-0.012483398,0.079976581,-0.001757429,2.595670938,M3
-0.013146515,0.081028819,0.004953224,2.677721262,-0.013272949,0.082086928,0.010933878,2.712880373,-0.012751953,0.081103615,0.004877032,2.662043571,-0.013475098,0.07900811,0.025999863,2.608893394,-0.013461914,0.081831098,0.012640383,2.713640451,-0.012692383,0.080836229,-0.015002619,2.735574722,-0.013481446,0.082861595,0.015604208,2.676326752,-0.012833497,0.082481384,-0.033460733,2.712147951,-0.013274902,0.079714991,0.009287236,2.627883434,-0.013157715,0.081757307,-9.60993E-05,2.665858507,-0.013170899,0.081814714,0.033558875,2.671511173,-0.013594238,0.080861747,0.00045071,2.65921092,-0.013102051,0.080354631,0.002755657,2.707144499,-0.012647949,0.077719666,0.016065065,2.594061852,-0.01410498,0.080928065,0.000457184,2.633397579,-0.012666504,0.081671797,-0.008324354,2.683651686,-0.012655762,0.081289589,0.007553989,2.711480141,M3
-0.006012512,0.215630859,1.056065559,16.14245605,-0.01348584,0.083368994,0.013915149,2.727745056,-0.013608399,0.079959676,-0.019194201,2.5904212,-0.012995605,0.081769563,-0.005123517,2.700485468,-0.016704101,0.591632485,0.049938809,2.743264914,0.056530762,0.545643866,0.709426761,2.087856531,-0.020212403,0.084063634,-0.00398154,2.722407341,0.00120459,0.078919895,0.009794601,2.581720114,-0.001199707,0.079952024,-0.003576715,2.627720594,-0.003384766,0.080429964,0.021707745,2.660883427,-0.006184082,0.078148186,0.025818037,2.616563082,-0.009979004,0.081078447,-0.012823517,2.658966541,-0.009866211,0.078949764,-0.010063127,2.660423994,-0.010390136,0.079492293,-0.010851683,2.711457253,-0.011962891,0.083228134,-0.005112174,2.801112652,-0.012412109,0.07962352,0.015311871,2.650751829,-0.011550293,0.083167367,0.023631258,2.805375338,M3
-0.013211365,0.080517262,-0.002024156,2.690209627,-0.013782226,0.079730377,0.008088364,2.618125439,-0.01367041,0.080648839,-0.00386728,2.677378178,-0.012830078,0.083549269,-0.002870412,2.745795488,-0.01271289,0.079433888,-0.00035575,2.621535063,-0.013117188,0.079769209,-0.007272978,2.720318794,-0.013936523,0.078920811,-0.006277265,2.662799358,-0.013328125,0.079928674,0.009496065,2.635941982,-0.012645019,0.082282469,0.01582602,2.753017902,-0.013217773,0.080174126,-0.0065746,2.635607243,-0.012550781,0.079546064,0.000959554,2.623284817,-0.013277343,0.079296,-0.010975053,2.688801289,-0.013706543,0.079397634,0.021747375,2.650614738,-0.013342286,0.084150411,-0.018223904,2.822786331,-0.012989746,0.080831505,-0.024027979,2.670352221,-0.013333008,0.080535673,-0.020145334,2.711488247,-0.012941894,0.079885602,0.012359465,2.690460205,M3
-0.011911682,0.189833194,-0.755305648,19.91592026,-0.013008789,0.078656815,-0.010093552,2.673167467,-0.013642578,0.081416294,0.022488365,2.635198116,-0.013104981,0.079208195,0.018776659,2.644329071,-0.013306641,0.078557596,-0.03408524,2.636485815,-0.013953125,0.080066174,-0.003049384,2.672625542,-0.012780273,0.079567276,0.006640872,2.713455677,-0.01353125,0.082043372,-0.024587095,2.808602333,-0.013817383,0.081381798,-0.009226626,2.76996088,-0.012580078,0.079327859,0.001655676,2.618177652,-0.013717285,0.081929661,-0.023758586,2.704221964,-0.013052247,0.07957533,0.012082439,2.595530033,-0.165976569,0.656958103,0.400577575,2.246958017,0.123546876,0.104437716,-0.458422065,3.319137335,0.029596679,0.083319485,0.016364576,2.653773546,-0.013622559,0.080361225,0.01165479,2.646706104,-0.017636718,0.078428246,0.000934982,2.608791113,M3
-0.013839996,0.080569498,0.009793403,2.663984776,-0.015875977,0.080946736,-0.011973456,2.659563065,-0.015543945,0.081031397,0.008404642,2.680916786,-0.014875488,0.078908324,0.037386786,2.640322447,-0.014285157,0.081791356,0.030284801,2.715749741,-0.013557129,0.079531267,-0.013651568,2.60018754,-0.013854492,0.082025595,-0.000860931,2.695370674,-0.013970215,0.082987264,0.028927645,2.699668884,-0.013315918,0.079252727,0.02679608,2.627753735,-0.013077148,0.081416287,0.010735882,2.688595772,-0.013311523,0.080359697,0.009321486,2.702302456,-0.013287597,0.079856671,0.006597596,2.617726088,-0.012930664,0.080840908,-0.01226976,2.653981686,-0.013116211,0.07885766,-0.001951077,2.588023901,-0.014145507,0.079963855,0.002190196,2.626633406,-0.013394531,0.08026696,0.005798936,2.677829742,-0.012898438,0.080910943,0.031654473,2.686881781,M3
-0.013257782,0.081067607,0.011882665,2.704854727,-0.012798828,0.082142398,0.021332437,2.726570368,-0.013417969,0.078975067,0.01462856,2.675427675,-0.013921875,0.080903277,0.013258153,2.674684763,-0.013154785,0.083646245,0.007718978,2.701734543,-0.013422851,0.081594802,-0.009631031,2.67783308,-0.013370117,0.08343824,-0.021248298,2.783792019,-0.013366699,0.079068311,0.026452294,2.649395704,-0.013175293,0.078886189,0.02234843,2.640960455,-0.012325196,0.082093321,0.017776528,2.67402482,-0.013258789,0.079409614,0.02336813,2.643910646,-0.013349121,0.082178101,0.017955784,2.728707552,-0.013417969,0.079167828,0.019944042,2.665957451,-0.013102539,0.078897715,-0.009852157,2.648456573,-0.013512695,0.082442254,0.024029056,2.756258965,-0.012797851,0.080233254,0.013674583,2.667269468,-0.013731933,0.083722249,0.012470799,2.820298195,M3
0.007642029,0.122053191,1.704756737,8.073810577,-0.013753418,0.080159545,-0.005611292,2.660583973,-0.012592285,0.079827495,0.007270309,2.640714407,-0.013308105,0.082430527,0.008886542,2.740546703,-0.013192383,0.080022566,-0.014458945,2.678724289,0.322927237,0.169222713,-0.55473268,3.478947639,0.041848145,0.090815939,0.080402717,2.760199308,-0.024859862,0.078943491,-0.001249463,2.623959541,-0.027543945,0.081387796,0.008350017,2.809836864,-0.024970703,0.080714107,-0.015950119,2.676796675,-0.01936914,0.082540922,0.016389897,2.752400637,-0.01880371,0.080980651,0.009431479,2.730408192,-0.01575,0.079136603,0.015974337,2.624048233,-0.015384765,0.083627537,0.019106103,2.732984543,-0.015052734,0.080164358,0.007347933,2.688851595,-0.014003418,0.08286348,0.011726847,2.735841513,-0.013918457,0.080995835,-0.019435786,2.699221849,M3
-0.013456848,0.08070334,0.006107186,2.682562351,-0.01460498,0.078470841,0.027379798,2.603508472,-0.013325196,0.081017494,0.007754227,2.675289392,-0.013620606,0.079889208,0.015386189,2.640567064,-0.013566406,0.081873916,0.028513169,2.693369627,-0.013541504,0.080859445,0.00030718,2.67121768,-0.013205078,0.078886226,0.018186677,2.62275219,-0.013113282,0.082471371,-0.012952359,2.678578138,-0.013736328,0.080663614,0.007671215,2.787831545,-0.012474122,0.081861153,-0.002516713,2.746799946,-0.013344239,0.082906701,0.019589603,2.707093,-0.013765137,0.079629011,0.0054396,2.672791481,-0.01309375,0.081961557,0.00776197,2.696368933,-0.013078125,0.081363864,-0.009866024,2.67779994,-0.013801758,0.08037255,0.002242936,2.636310577,-0.013291015,0.080548838,-0.00220234,2.667746544,-0.013748047,0.078316964,-0.020218959,2.672260046,M3
-0.009754181,0.180913597,0.598284543,21.66501999,-0.012508789,0.080057725,0.017026722,2.664908171,-0.013304687,0.081806943,-0.006522635,2.766780138,-0.013686524,0.081259638,-0.011373209,2.683233976,-0.012572754,0.08170756,0.003533171,2.715446234,-0.013790527,0.078408122,0.024136769,2.623406649,-0.012859375,0.081316344,-0.011504499,2.688827276,-0.013458984,0.083930358,-0.030495835,2.763087988,-0.013914063,0.081196323,0.042131763,2.693294525,-0.013341309,0.081821278,0.013938267,2.750603914,-0.013249024,0.078433171,0.004590517,2.646360397,-0.01303125,0.079376414,0.018271623,2.622712135,-0.0099375,0.380605072,0.070639446,6.226876259,0.060965821,0.528366387,-0.033320602,2.975514889,-0.041311037,0.095402844,-0.206504315,2.875670195,-0.009486817,0.078685194,0.018068967,2.664045572,-0.010580078,0.079511762,0.001444012,2.656162739,M3
-0.012691498,0.080610633,0.003293982,2.680561781,-0.010297364,0.082479089,-0.001129814,2.740574121,-0.011436035,0.079444349,0.008626994,2.651591539,-0.012460938,0.083309449,-0.015489178,2.791627884,-0.012356445,0.080527648,-0.021592351,2.621418476,-0.012584473,0.07960771,0.003084923,2.641742468,-0.012868652,0.083435014,0.026753774,2.725276709,-0.012164063,0.079487629,0.005557604,2.64607501,-0.013362793,0.080870114,-0.00512873,2.710388899,-0.012865234,0.078885525,0.002380823,2.6072855,-0.013046387,0.078510001,-0.012435679,2.561732769,-0.012828125,0.082272843,-0.020940796,2.676408052,-0.01374707,0.079965174,0.002331603,2.672334909,-0.013175293,0.079720765,0.006066524,2.590977907,-0.013603516,0.079837315,0.025527982,2.705456734,-0.012846191,0.078181997,0.025595013,2.60714221,-0.013421386,0.082919993,0.021499429,2.787823439,M3
-0.013306305,0.080246165,0.008649722,2.68454504,-0.013894531,0.080632977,0.003763086,2.684984922,-0.013686035,0.080080241,0.026752278,2.726864338,-0.013561524,0.080637187,-0.003317447,2.712663651,-0.013679688,0.078638017,0.004891283,2.607615232,-0.012833008,0.080686733,0.015577381,2.666239262,-0.012692383,0.079850428,-0.001859786,2.594516277,-0.01344873,0.07955116,0.035986442,2.626786709,-0.013078125,0.080123037,0.018541377,2.71910429,-0.013425781,0.078288704,-0.001042833,2.643671274,-0.013064453,0.081799403,0.002447695,2.743863344,-0.013453613,0.081131198,0.005332949,2.747128248,-0.013567382,0.07839305,0.017649747,2.643878222,-0.01299414,0.081323512,0.024584705,2.693045616,-0.013289062,0.078664102,-0.012241495,2.657402754,-0.013152344,0.082739249,0.002122295,2.748390436,-0.013080078,0.081271328,-0.002724389,2.66049099,M3
-0.013044769,0.165547729,0.130421564,27.02419662,-0.013992188,0.07774552,0.031346817,2.632087469,-0.013383789,0.07948748,0.01378827,2.637503147,-0.013860351,0.078083508,0.007083843,2.636401415,-0.019547364,0.582450688,0.082110688,2.809358597,-0.012367187,0.098337233,-0.333620429,3.058885574,-0.000671875,0.078856081,0.015235498,2.613832951,-0.012060058,0.080506496,-0.011830758,2.646039486,-0.01401416,0.079335734,0.009575374,2.613698006,-0.014005859,0.081235737,0.010140351,2.682337761,-0.014546875,0.082655661,0.048130203,2.708417416,-0.014000488,0.079756983,-0.004515521,2.617215633,-0.012960938,0.081080317,-0.002346501,2.69647336,-0.01336084,0.080617294,-0.012882006,2.667623997,-0.013669922,0.080196254,-0.0081746,2.668492556,-0.012518555,0.080899626,0.009462137,2.655261278,-0.01375586,0.078126162,-0.00469427,2.580950022,M3
-0.01324527,0.080710478,0.002600331,2.67299819,-0.013230957,0.07971146,0.015617049,2.614587545,-0.013598633,0.080127247,0.00063417,2.637189627,-0.012998047,0.080426358,0.009185206,2.66247654,-0.012909668,0.083157174,-0.016722212,2.746996641,-0.013459473,0.078893125,0.017459501,2.622910261,-0.013621094,0.080352359,-0.01710123,2.702942371,-0.013037598,0.083032303,0.002889343,2.770032883,-0.01339502,0.081246659,0.008477725,2.675623178,-0.012736328,0.083166838,0.015306945,2.78092432,-0.013851075,0.07977923,0.006713602,2.617748499,-0.013508301,0.07939437,-0.005868659,2.586333752,-0.012804688,0.080506377,-0.002018183,2.623956442,-0.012977051,0.079276957,-0.012825246,2.607051373,-0.013504394,0.08264412,0.003783589,2.7011199,-0.013883789,0.07965453,0.010641184,2.667815208,-0.012408203,0.079814352,0.003489409,2.635208368,M3
-0.022072418,0.151966214,2.367803335,20.08653259,-0.013944336,0.082874373,-0.002654152,2.81063056,-0.012649414,0.08047463,-0.014516718,2.691900969,-0.013577148,0.083402924,-0.00919578,2.762215614,-0.013727539,0.080602147,-0.023816042,2.732079744,-0.0130625,0.079201944,-0.000774126,2.643732071,-0.013616211,0.082755841,0.01755804,2.696464777,-0.012745117,0.080609106,-0.011967772,2.611387968,-0.01323877,0.081046291,-0.017095514,2.708720207,-0.013555176,0.079364583,0.011183285,2.610289574,-0.014128418,0.078290552,0.022452842,2.648540735,-0.013284668,0.081614979,-0.000324638,2.701832533,0.190190911,0.368925273,1.348572493,3.304192543,-0.294525892,0.12182495,0.499013394,3.361730337,-0.085925296,0.092973329,-0.085825518,2.75187993,-0.010680664,0.079287134,0.00147852,2.611938,-0.004688477,0.083300084,0.010714206,2.731102467,M3
-0.011882721,0.081115954,0.002785266,2.693906307,-0.004882324,0.082282558,-0.002747865,2.676726818,-0.008605957,0.08308778,0.011775821,2.756619692,-0.010239257,0.081042245,-0.007810012,2.72527647,-0.010904297,0.078241304,-0.005093053,2.614714622,-0.012371094,0.080933176,0.00504144,2.67197156,-0.011765136,0.080564283,-0.023969019,2.634773731,-0.012468262,0.080031149,-0.005296004,2.632294178,-0.013096191,0.081402913,0.017081758,2.709128857,-0.01197705,0.078108273,0.002934745,2.610465527,-0.013902832,0.081620254,0.015995333,2.750729084,-0.012759766,0.082414769,-0.018329978,2.744709015,-0.013383789,0.082212515,0.014216626,2.708255768,-0.01314209,0.082230084,-0.013993731,2.715604067,-0.01358789,0.078635484,0.024770023,2.623344421,-0.012572754,0.082266793,0.001171096,2.681503534,-0.014464844,0.082073726,0.020950133,2.734662771,M3
-0.013367309,0.083053276,0.003940347,2.722656727,-0.013004394,0.079121068,-0.025435967,2.649122715,-0.012998047,0.08225289,-0.008332413,2.729115725,-0.013969727,0.081719302,0.023463016,2.615533829,-0.012458008,0.082517236,-0.017598134,2.734681606,-0.014071289,0.085048184,0.02305012,2.800140142,-0.013503418,0.082328707,0.013995708,2.702842712,-0.013385254,0.085247681,-0.006389532,2.805961847,-0.013424316,0.081666388,0.000568279,2.714247465,-0.012810059,0.083723865,0.012641096,2.753527164,-0.013249512,0.086623058,-0.003718519,2.770670414,-0.013836914,0.082749963,0.002857453,2.704626083,-0.012498535,0.084028982,-0.00212652,2.734718084,-0.013311035,0.082600944,-0.001662786,2.655898809,-0.014583007,0.083020791,0.017903496,2.646980047,-0.013008301,0.084149525,0.024916293,2.728190899,-0.013765137,0.081779391,0.004680505,2.694190741,M3
-0.023131622,0.242727503,0.570048273,11.80608368,-0.013552735,0.083113693,0.012131084,2.684810877,-0.012604004,0.079291642,0.028502986,2.609173775,-0.014143554,0.07927376,-0.005112771,2.711188793,-0.013475586,0.085354477,0.013828319,4.156850338,0.174175292,0.768125057,-0.248860076,1.537561178,-0.456183583,0.171169236,0.196484059,2.139517784,0.003117187,0.087089501,-0.333883703,3.393972635,0.010827148,0.079311378,-0.004643516,2.63276124,0.005111328,0.082940526,-0.014303142,2.736746073,0.000707031,0.079202607,0.00946716,2.622463465,-0.003057129,0.079460986,0.007063353,2.639258146,-0.007771485,0.079393215,-0.004797709,2.616776943,-0.009237793,0.079316556,0.012088288,2.611242294,-0.010478515,0.082883172,-0.006903677,2.732349634,-0.011594727,0.079949692,0.002023463,2.654895306,-0.011944824,0.078326762,0.006106108,2.631587029,M3
-0.012993591,0.080637299,0.004764772,2.68661356,-0.011664063,0.081223495,0.028585553,2.639259577,-0.012620118,0.07903178,0.011498692,2.598071098,-0.013120118,0.083549738,0.005492338,2.789948463,-0.012166992,0.081193998,0.025333825,2.694780827,-0.013186035,0.079483226,-0.016534796,2.689311981,-0.012948242,0.082156792,-0.000866513,2.670254946,-0.013313965,0.07923422,0.024265286,2.640675306,-0.012910157,0.081297085,0.013354827,2.632840395,-0.012678223,0.080030508,0.011115992,2.660873175,-0.013458984,0.07872013,0.026349902,2.554845572,-0.013561524,0.081299111,0.009323793,2.688760281,-0.013071777,0.078252494,-0.002451416,2.705854893,-0.012976075,0.081525549,-0.011409227,2.717072248,-0.013097168,0.082095809,-0.007671696,2.763637543,-0.013458008,0.078105353,-0.016959578,2.65294385,-0.013666016,0.082750969,-0.022373341,2.762396097,M3
-0.013368377,0.17737107,0.443098843,22.12958527,-0.012754883,0.082062438,0.001895543,2.73679471,-0.012484375,0.081794821,-0.001657114,2.707339287,-0.013742676,0.082508013,-0.020125277,2.766958952,-0.013493164,0.078496315,0.001051129,2.60532546,-0.013282714,0.08054208,0.01204629,2.679325104,-0.014189453,0.079299182,-0.01214904,2.657361984,-0.012981446,0.081164055,-0.002051621,2.703840494,-0.013403321,0.081347413,0.016826466,2.699981451,-0.013340332,0.078245059,-0.012283343,2.593328476,-0.012710449,0.080995679,0.021199679,2.696086407,-0.013614258,0.081707075,0.01363214,2.769016504,-0.00672461,0.429008603,0.014662477,5.019161701,0.046233397,0.468475878,-0.029936647,3.624974489,-0.075954586,0.084161945,-0.013926043,2.712517262,-0.020074219,0.080994941,0.030334849,2.720338106,-0.011376953,0.083283827,-0.022459486,2.765394211,M3
-0.012737121,0.080534481,-0.001720599,2.682397842,-0.011849121,0.080421783,-0.001705109,2.656513214,-0.011019532,0.081112906,0.010867225,2.680808306,-0.012996093,0.078522325,0.002599063,2.58612895,-0.012398926,0.080079108,0.001675106,2.694232225,-0.01225879,0.082385004,-0.014108317,2.738294601,-0.013438476,0.079831772,-0.000146737,2.68750453,-0.012989257,0.081893429,-0.008441085,2.736657381,-0.012741211,0.079409339,-0.009677772,2.648250818,-0.013312988,0.080089666,0.015085825,2.637452126,-0.01289502,0.084021069,-0.021199265,2.736560583,-0.012560058,0.079976574,-0.003617925,2.663386583,-0.011192871,0.08282575,0.007370377,2.732299566,-0.014513672,0.079465352,0.007295015,2.62772727,-0.013321778,0.078536399,0.001957462,2.652600288,-0.013110352,0.081173413,-0.008521601,2.737100363,-0.013195801,0.078532316,-0.012342249,2.580915451,M3
-0.01317334,0.080553547,0.009045875,2.690477848,-0.01287793,0.082041346,-0.017432395,2.697136879,-0.013380859,0.079478309,0.022127861,2.633613348,-0.013171875,0.078502879,-0.009519666,2.609681129,-0.013148926,0.081944302,0.003899135,2.777400255,-0.013705079,0.08066202,-0.001474649,2.649111509,-0.013521973,0.083682299,0.04014818,2.727081537,-0.012638672,0.080509216,-0.008244905,2.695657492,-0.013759278,0.079495624,0.008691399,2.694755554,-0.013464844,0.082896098,0.025144933,2.760607004,-0.012816406,0.080260403,0.012355438,2.697379589,-0.013098145,0.080386274,-0.005570436,2.659333706,-0.012644043,0.079405777,0.009972316,2.701862335,-0.01315625,0.078077048,0.028256232,2.608179808,-0.013047364,0.081991069,0.001429326,2.737132311,-0.013195313,0.080183335,0.011466165,2.661209583,-0.013146484,0.079130888,0.023070203,2.627076387,M3
-0.010198456,0.126349136,0.122845635,35.0177269,-0.013852051,0.080986358,0.013639698,2.699999571,-0.012103516,0.078568257,0.044718347,2.596907377,-0.012671387,0.082288601,0.000461556,2.701842308,-0.013530762,0.082566448,0.010135141,2.710993052,0.01233789,0.396060258,-0.10233888,5.737419605,0.020238282,0.082956284,0.020819305,2.721421003,-0.01342041,0.078584611,0.015099526,2.654294729,-0.016219238,0.079950586,0.049541481,2.654314518,-0.0159292,0.079952523,0.008769735,2.679323435,-0.015210449,0.078353509,-0.008838889,2.58555007,-0.013722168,0.08003334,-0.019162424,2.649451733,-0.014435058,0.078553848,0.010527817,2.63555932,-0.013239258,0.082261175,-0.021409528,2.719864845,-0.013881836,0.081780516,-0.000370983,2.734924555,-0.01331543,0.078385107,0.004824433,2.608560801,-0.014220703,0.080297127,0.009752193,2.67579484,M3
-0.013268524,0.08054579,-0.001737159,2.67397356,-0.013458984,0.07928849,-0.020247269,2.595429897,-0.013538086,0.08187364,-0.010509895,2.694494486,-0.012710937,0.083251134,0.012508529,2.714416265,-0.013519043,0.07886757,0.002573725,2.594832182,-0.013406739,0.080415525,0.008445057,2.607825756,-0.013181153,0.079173259,0.016719513,2.582051754,-0.013740723,0.080254652,0.012405252,2.680500984,-0.012624511,0.082184874,-0.019360285,2.751449823,-0.013542481,0.077766366,-0.02387646,2.62029624,-0.013040528,0.079705156,-0.011149591,2.67139101,-0.012822266,0.080684483,-5.36303E-05,2.643774271,-0.013733398,0.080476984,-0.012719188,2.662002563,-0.013679688,0.083820075,0.015583253,2.801816225,-0.01289209,0.080182157,0.008483012,2.714502573,-0.01313623,0.080560938,9.00733E-08,2.6851933,-0.013269532,0.080018245,-0.012724835,2.640033484,M3
-0.02313623,0.218746409,1.05934453,14.96369743,-0.013688965,0.079690345,-0.005072278,2.632713795,-0.013226562,0.080422431,0.003603753,2.6778965,-0.013009765,0.078630015,0.01056065,2.588241577,-0.013128906,0.079457112,0.020464938,2.634043932,-0.013527832,0.080614254,0.000733411,2.682521105,-0.012686524,0.079165854,0.020145319,2.6454494,-0.013479004,0.082875051,-0.011410171,2.717814445,-0.013219726,0.079029724,-0.018777149,2.607531786,-0.013385254,0.079760179,0.009039441,2.62360692,-0.013979004,0.083050147,0.000401872,2.724547863,-0.013224609,0.080256537,0.006563595,2.664406061,-0.013648437,0.08304476,0.008294373,2.68729353,0.21849218,0.707197785,-0.448109865,2.015529633,-0.329987317,0.11744187,0.278158873,2.785547018,-0.090637207,0.095029518,-0.085477069,2.760924339,-0.007842774,0.080115966,0.009940404,2.671691656,M3
-0.011518249,0.080889747,0.003626754,2.686529875,-0.00554834,0.082002059,0.017959408,2.694833279,-0.006912597,0.07969597,-0.004337617,2.618497133,-0.009039551,0.078938499,-0.006666606,2.594270468,-0.010190918,0.08266975,0.006717243,2.765834808,-0.0109375,0.080005862,0.019018944,2.677717924,-0.012048828,0.083826631,-0.009197905,2.798075676,-0.012368652,0.08143542,-0.020961754,2.709283829,-0.013287109,0.079005167,-0.002605277,2.60841465,-0.012352539,0.082518138,0.023899652,2.773506165,-0.013623535,0.08130008,-0.021495752,2.633205414,-0.012347168,0.080619194,-0.004870076,2.611654043,-0.01285498,0.079868525,0.007492667,2.605233431,-0.013005859,0.078522652,0.030812131,2.589968204,-0.013458496,0.081745572,-0.004031842,2.741124868,-0.012637207,0.080330282,-0.01138773,2.670511723,-0.013678711,0.081033692,0.037651792,2.756215334,M3
-0.013120728,0.080895975,0.016911175,2.713431597,-0.013165527,0.081269942,0.011205479,2.80219245,-0.012822754,0.078679532,0.029205943,2.586487532,-0.013399414,0.08217176,0.042940456,2.745193243,-0.012878906,0.082774304,0.012558456,2.721387386,-0.013230957,0.081572562,0.005462504,2.69263792,-0.012797363,0.081454843,0.015774515,2.698969841,-0.01297168,0.078148514,0.022526313,2.63551116,-0.013705079,0.080237418,0.01147913,2.681841373,-0.01326709,0.080729984,0.007062306,2.69444418,-0.01299414,0.079805732,0.011251886,2.677968264,-0.013405274,0.081124343,-0.005896341,2.702751875,-0.012324219,0.0790556,0.040112101,2.600838661,-0.013255371,0.080628701,0.001234711,2.728658915,-0.01301416,0.082853436,0.022016352,2.781025171,-0.013610352,0.080760024,0.005191659,2.715166569,-0.013089355,0.082900517,0.039892148,2.837171555,M3
-0.009961456,0.171575561,-1.821720243,20.84965706,-0.012360351,0.078679562,-0.009081443,2.665532827,-0.013838379,0.081127316,-0.012838768,2.693925142,-0.013529297,0.083098583,0.01408649,2.739169598,-0.01273877,0.079534046,-0.009389279,2.59256506,-0.181010261,0.544551194,-0.029740827,2.575143576,0.192624018,0.107019,-0.021526165,2.577192068,0.019019531,0.082977548,0.008147091,2.70010972,-0.015657715,0.082444064,-0.013789052,2.722532749,-0.019464355,0.078301325,0.005753451,2.662169695,-0.016398437,0.081599496,0.025185231,2.744700193,-0.015216309,0.078709558,0.011032631,2.644577503,-0.014658203,0.079259135,0.029838927,2.642831564,-0.014896484,0.084458277,0.025904417,2.746489048,-0.013696289,0.080572158,0.023013502,2.652611256,-0.013535645,0.08191251,-0.005316298,2.729997158,-0.014026367,0.079328023,0.014708212,2.660381556,M3
-0.013221588,0.079745553,0.00534971,2.656523228,-0.013188965,0.078681983,0.004658476,2.583297014,-0.013469727,0.080143973,0.009859907,2.650937319,-0.014180664,0.079341836,0.016074967,2.63904047,-0.012936523,0.079143487,0.004564708,2.607163429,-0.013504883,0.07959114,-0.001661934,2.658958435,-0.013211914,0.07916458,-0.007096387,2.664979219,-0.01354541,0.082557596,-0.025841814,2.747505665,-0.012921386,0.080410846,0.006142739,2.693473816,-0.012716797,0.078899793,0.006081574,2.639458418,-0.013323242,0.080203131,0.004840925,2.66053462,-0.012334961,0.079078428,0.012029106,2.637619019,-0.01321875,0.082843862,0.007473988,2.75958252,-0.013586914,0.079715282,0.007302484,2.620185852,-0.012851074,0.078196958,0.005433474,2.593170404,-0.013462402,0.079263858,0.026822617,2.6331563,-0.013091797,0.078551948,0.014898852,2.625618219,M3
-0.01722876,0.230993167,0.763358116,13.51328087,-0.013660644,0.081545748,0.020771695,2.710050344,-0.01287793,0.080464318,0.021364274,2.67480278,-0.013479004,0.077639066,-0.013308006,2.596933842,-0.012991699,0.080378518,-0.008112377,2.695966482,-0.013614258,0.078880936,-0.00044737,2.639831781,-0.013126465,0.082648791,0.011821444,2.731271505,-0.013103027,0.082055598,0.007061405,2.737786055,-0.013175781,0.079471543,0.015696626,2.609225273,-0.013054688,0.081187688,0.018906012,2.665737152,-0.013342774,0.078671657,-0.014283194,2.603382111,-0.013694825,0.080449253,0.014142794,2.646569729,-0.013244141,0.079925686,0.025286971,2.646618128,-0.013800781,0.470087588,0.080323808,4.232066631,0.001244141,0.70449996,0.383984387,1.559804916,-0.11081738,0.20652996,-1.194353938,3.2598176,0.007079102,0.08108069,0.026885685,2.71608448,M3
-0.009298217,0.080920704,-0.005321097,2.702548027,0.005182129,0.082101792,0.004720482,2.740292311,0.000699219,0.078289337,-0.041849006,2.595276356,-0.00275293,0.081112377,-0.031112159,2.648555994,-0.0065,0.081624076,-0.004114542,2.716997862,-0.009214356,0.081230618,0.017977417,2.698405504,-0.009665039,0.082764119,-0.008227486,2.742311716,-0.01051709,0.07917694,-0.010440778,2.585815191,-0.011907226,0.079504274,-0.00253826,2.637442112,-0.012222168,0.078885011,-0.017558379,2.618954182,-0.013399903,0.080187589,0.003972134,2.676431417,-0.012464844,0.081757255,-0.035629436,2.793946743,-0.012461426,0.078116149,-0.004119002,2.601644278,-0.01297168,0.080187961,0.021029804,2.721952677,-0.01303125,0.081932947,0.009953793,2.775417566,-0.013741699,0.080500305,0.009488988,2.709124565,-0.013803222,0.084157959,-0.007877126,2.805058241,M3
-0.013281372,0.080904447,0.010106601,2.701755762,-0.01269873,0.079378188,0.005994784,2.637312174,-0.012960938,0.080016546,0.006389833,2.678403139,-0.013699219,0.083161548,0.024419954,2.758565664,-0.013274414,0.079471044,-0.003736126,2.646356344,-0.013570312,0.08053235,-0.002343322,2.687908649,-0.013744629,0.078935392,0.011897641,2.607576847,-0.013014648,0.079615042,0.002171582,2.668420315,-0.013411133,0.082153462,0.000159068,2.74425149,-0.013516601,0.079476431,0.013873213,2.699159622,-0.012478027,0.082780294,0.019778399,2.782178164,-0.013628907,0.080291197,0.003702545,2.653547049,-0.013646484,0.079615802,0.014995292,2.656114817,-0.013056641,0.083935529,0.011870093,2.747365236,-0.013614258,0.08147455,-0.01125471,2.693382502,-0.012622559,0.083563223,0.019459773,2.810535669,-0.013564453,0.079827346,0.038790684,2.615903616,M3
-0.023869416,0.228682622,0.862409174,13.36585045,-0.013260254,0.078379475,0.014521134,2.60543251,-0.013216308,0.080874451,0.040081114,2.673163414,-0.012296875,0.079690911,-0.000867309,2.671725512,-0.013347168,0.082066007,0.01546935,2.694277048,0.127327636,0.681774974,-0.170688406,2.066087723,-0.229237795,0.433119833,1.645082831,4.643090248,-0.157330573,0.119532481,-0.15219824,2.691898108,-0.012346191,0.081934117,0.000181364,2.760544538,4.88281E-05,0.082398914,0.002198234,2.721327543,-0.002359863,0.082157396,0.025546873,2.752804995,-0.006003418,0.078973465,-0.013544387,2.657580376,-0.007071289,0.082862064,-0.011929043,2.680083275,-0.00892041,0.080832526,0.001868176,2.66137743,-0.010083985,0.079318494,-0.006410002,2.595896721,-0.011368653,0.079075307,0.006046608,2.619950056,-0.012444336,0.07797759,0.006066639,2.605466127,M3
-0.01305661,0.080822803,-0.000487857,2.68467021,-0.012154297,0.081610553,0.002068327,2.693460464,-0.012335449,0.080295816,0.004639853,2.669058561,-0.013174805,0.082062624,-0.0007032,2.667329311,-0.013272949,0.081219085,0.002096693,2.698455095,-0.013466309,0.078084126,-0.014295886,2.628044128,-0.012749512,0.081927106,0.008762164,2.688883543,-0.012525879,0.082991652,-0.003423241,2.687735081,-0.012842285,0.081389554,-0.030560296,2.728355169,-0.013303223,0.082183786,-0.003355417,2.758718252,-0.012824707,0.078687511,0.023325909,2.604310274,-0.01345752,0.080240391,-0.026300956,2.689589262,-0.012603516,0.081221096,0.001050361,2.637460709,-0.013854492,0.079945661,0.032476615,2.673852682,-0.01351416,0.08208663,0.006034608,2.684621096,-0.013337891,0.078451104,-0.003292575,2.623347044,-0.01348877,0.08059106,-0.008361045,2.742274284,M3
-0.033020232,0.247291878,0.575514913,11.46955013,-0.013366211,0.082492337,-0.014924615,2.787267208,-0.013737793,0.081058614,-0.005576737,2.751845837,-0.01304834,0.083356738,-0.027346699,2.869061947,-0.013126954,0.079618916,0.014697853,2.619440317,-0.013191895,0.081194982,0.00838281,2.687645912,-0.013476075,0.081989363,0.007906692,2.705702305,-0.012359863,0.080353126,-0.006738531,2.668520927,-0.012805176,0.081313342,-0.009721338,2.700896025,-0.014106934,0.078421786,0.002517706,2.649474144,-0.013466797,0.080022939,-0.023552096,2.698443174,-0.012698242,0.082485244,-0.013811927,2.753260851,-0.013553223,0.079163358,0.023354925,2.592836857,0.242958501,0.732382417,-0.46415931,1.900914788,-0.516306162,0.152810112,0.193610176,2.285161018,-0.104229003,0.108919397,-0.173601598,2.681001425,0.00819043,0.083910979,-0.018068025,2.727937698,M3
-0.007515015,0.080809705,0.005079279,2.680052042,0.014836914,0.080234677,-0.007279512,2.636029243,0.007114258,0.081117056,0.012374913,2.703763247,-0.001371094,0.079682492,0.001167692,2.661173105,-0.004330078,0.079266205,-0.007538495,2.589756012,-0.00622998,0.081250116,0.005193981,2.651007652,-0.008362793,0.079914287,0.009224035,2.652650356,-0.009725098,0.078794912,-0.004568693,2.646361828,-0.011408691,0.080349766,0.002795401,2.672269344,-0.011699707,0.078822732,0.017777566,2.675569773,-0.011548828,0.08243604,0.00376507,2.767893791,-0.012878418,0.080793284,0.018001983,2.718875885,-0.01241455,0.078986846,0.014014699,2.637775183,-0.01319336,0.080741748,0.007655729,2.652695417,-0.012656738,0.079505026,0.001663022,2.663094759,-0.013275879,0.083576776,-0.006773609,2.726704359,-0.013096191,0.081196852,0.002727723,2.660555124,M3
-0.013195587,0.079955146,0.004542818,2.651117802,-0.013202637,0.078543745,0.010809806,2.617811203,-0.013681152,0.079689674,-0.008284578,2.621807337,-0.013125489,0.078429066,0.016411334,2.636587143,-0.013314453,0.081051752,0.002724088,2.726075649,-0.012712402,0.080611184,-0.009917002,2.620779991,-0.013499511,0.078415766,0.006675456,2.606256962,-0.01338916,0.080144301,0.003337657,2.688010693,-0.013368652,0.079059631,0.020906366,2.588487864,-0.013209961,0.082880169,0.008259764,2.69542098,-0.013745117,0.082875162,-0.007436485,2.694259882,-0.012552246,0.078960195,0.011781584,2.664035559,-0.012789062,0.080707401,0.008235204,2.643772364,-0.013325684,0.078255646,0.013710076,2.589097738,-0.013612793,0.080654718,0.026320495,2.629561186,-0.012486816,0.080270849,-0.008287704,2.678876162,-0.013114258,0.078548245,-0.01952612,2.629134417,M3
-0.010967651,0.201718554,1.059854269,18.02259064,-0.013733887,0.080928169,-0.015335951,2.674164057,-0.013407227,0.078036629,0.003574499,2.618989468,-0.013000488,0.081583887,0.000193391,2.692721128,-0.013074707,0.082514256,0.016895279,2.757379055,-0.016569825,0.122222811,-0.267366529,7.877911091,0.130738765,0.70296371,-0.179670542,1.827551723,-0.140582517,0.144085437,-0.083717689,2.10781312,-0.009319336,0.081124321,-0.025445413,2.654237032,-0.008116211,0.083108805,0.017414255,2.740208626,-0.008922852,0.078789614,0.015781797,2.607629776,-0.009067871,0.079823934,0.042518549,2.676132441,-0.011427246,0.07996852,0.015823459,2.694666386,-0.011783203,0.079574898,0.000498536,2.643860579,-0.011886719,0.08213146,0.027332159,2.700842857,-0.012506836,0.078544788,0.01054984,2.623991013,-0.012822266,0.080263242,-0.020217635,2.698418379,M3
-0.013253327,0.081022017,0.006804977,2.703657627,-0.01320166,0.082889087,0.006138238,2.793085098,-0.013072754,0.080033958,0.021960143,2.657428503,-0.013256836,0.084097937,0.019805167,2.757104397,-0.013018066,0.080869794,-0.008858965,2.651123524,-0.013933593,0.080071755,0.00014596,2.687134743,-0.012994629,0.082669519,0.018506056,2.758492231,-0.013936523,0.0800303,-0.013961799,2.601712465,-0.012825684,0.081540436,0.017160509,2.735279083,-0.013720215,0.078211397,0.039630104,2.637623787,-0.01358789,0.07960669,-0.001495102,2.649493217,-0.012475098,0.082387775,0.031915687,2.769443035,-0.013086426,0.080108672,0.002524241,2.629945278,-0.013503906,0.082035527,-0.006502803,2.789631128,-0.013629395,0.079168662,-0.01323681,2.640892744,-0.012649414,0.0787597,-0.017963575,2.59741354,-0.013161133,0.083597213,0.005309072,2.744472742,M3
-0.011704742,0.190053463,-0.74344039,19.82328796,-0.013436523,0.081274576,0.006169843,2.650395393,-0.013556153,0.083073758,0.017535275,2.74915719,-0.013004883,0.080457069,0.00671476,2.635002613,-0.012445801,0.078855515,-0.021736292,2.583166599,-0.013371094,0.080462784,-0.022313576,2.694770098,-0.013278808,0.079993337,0.005691952,2.638221264,-0.013038574,0.082761995,0.034439918,2.691397905,-0.013019043,0.08093407,0.011707931,2.655600309,-0.013080078,0.078628384,-0.009464375,2.608433247,-0.013640625,0.082401834,-0.003577844,2.737578154,-0.013201172,0.081255637,-0.001317711,2.708917856,-0.013584961,0.082573079,-0.010972179,2.749330282,-0.008376465,0.519600213,0.041129079,3.508336306,-0.085664548,0.448850989,-0.524874568,3.331962347,0.07121338,0.092380084,-0.02159722,2.769140244,-0.005790527,0.081742972,-0.004297173,2.684163332,M3
-0.014014191,0.080423132,-0.00249925,2.657841206,-0.015887206,0.079832226,0.000630896,2.622036934,-0.01617041,0.080731735,-0.001466963,2.637560368,-0.014931153,0.078168578,0.001244191,2.596997738,-0.014835938,0.080229595,-0.028169014,2.68497014,-0.013706543,0.081236869,0.003650373,2.680501461,-0.013986817,0.080603682,-0.011581912,2.635797977,-0.013822266,0.082082212,-0.014051773,2.659008265,-0.01311377,0.078413345,0.004406923,2.626049042,-0.013812012,0.081604443,0.001431615,2.657380819,-0.013546875,0.08308924,-0.019489629,2.714815617,-0.013520508,0.080407798,-0.00972629,2.690217257,-0.01327832,0.082746506,0.027459631,2.74034524,-0.013356933,0.07896398,-0.010177683,2.62064743,-0.013101563,0.079934783,-0.012300132,2.628713608,-0.013818848,0.080527201,0.017518966,2.629029512,-0.013337891,0.077930599,0.009788609,2.601866245,M3
-0.013322815,0.080326214,0.003038147,2.688208342,-0.013492675,0.08043953,0.001631792,2.675518036,-0.012858398,0.079455972,-0.010147501,2.591956854,-0.013284179,0.081005782,-0.012070566,2.719535112,-0.013679688,0.08267872,0.013478422,2.772177935,-0.012481445,0.078046516,-0.012668085,2.64838171,-0.013918946,0.081527188,-0.012969416,2.752316236,-0.013354492,0.080275171,-0.010328395,2.672083378,-0.013394531,0.080198854,0.025993897,2.680501699,-0.013137207,0.083484881,0.001763371,2.725699186,-0.014124024,0.079166234,0.006230687,2.619110823,-0.012887207,0.078888439,0.021924432,2.611524343,-0.013473633,0.078293569,0.007591822,2.61310935,-0.013363281,0.079226404,0.019930363,2.675546646,-0.013382813,0.083061509,0.016763724,2.797444105,-0.013873047,0.079928055,0.001097637,2.63812232,-0.012459473,0.079306155,-0.007483729,2.685944557,M3
0.007218079,0.117441796,1.139105558,6.269208431,-0.01382959,0.079780981,0.008111206,2.659726143,-0.012790039,0.079804532,0.007612281,2.716661215,-0.013483399,0.084454387,0.013859626,2.776126385,-0.012923828,0.080035701,0.017034424,2.721527815,-0.013760742,0.07957729,-0.014988682,2.681458473,0.242725104,0.220467046,-1.411599517,4.78380394,0.095940426,0.102685913,0.127200007,2.682203293,-0.012425781,0.081530541,0.044745263,2.71740222,-0.024092285,0.078892842,0.00168596,2.609975338,-0.022600098,0.078517571,0.012631404,2.613207102,-0.019689942,0.079820752,-0.018472888,2.65688777,-0.017170899,0.078200847,-0.012617062,2.597494602,-0.016604492,0.082558706,-0.010232309,2.765668392,-0.015457031,0.080794387,0.020373486,2.644621134,-0.01450293,0.078962408,0.022627505,2.622177124,-0.013845215,0.082518131,0.020870557,2.793408871,M3
-0.01345279,0.080614604,0.006464209,2.666924238,-0.013406739,0.078317344,-0.00805334,2.622822285,-0.014105469,0.082443461,-0.014188636,2.677915573,-0.013942383,0.080815509,-0.025460839,2.663139343,-0.013540039,0.078851782,0.012080312,2.619784594,-0.013733398,0.08011581,0.016947249,2.65490675,-0.013537598,0.078509197,0.020999437,2.624069929,-0.013140136,0.081254043,0.018276436,2.674214602,-0.013664062,0.081025653,-0.002945988,2.683829069,-0.013183594,0.078170732,0.017785648,2.607864857,-0.013065429,0.081156574,0.014113713,2.715418816,-0.01393164,0.081155874,-0.001789485,2.694300413,-0.012760743,0.081312671,0.021830734,2.682630539,-0.012936523,0.082500428,0.001961182,2.673228264,-0.013645507,0.079993263,-0.018655302,2.602025747,-0.01327002,0.083176665,0.021714173,2.709954023,-0.013381348,0.080843024,0.028909232,2.672156334,M3
-0.012807404,0.165983096,0.12287388,26.67416191,-0.013134765,0.080812618,0.014802434,2.639380932,-0.013691895,0.079940438,0.018896107,2.645920992,-0.013218261,0.077846989,0.024255974,2.550792933,-0.013353027,0.080468394,0.002971915,2.67161417,-0.012779785,0.081323907,-0.012237079,2.700114489,-0.013785156,0.081080727,0.006603889,2.738604784,-0.013217285,0.082577474,0.004911485,2.769477606,-0.013066406,0.078904316,0.007264004,2.64602375,-0.013341309,0.080590926,0.011987379,2.646805525,-0.014056641,0.083183929,-0.010838796,2.7193048,-0.012584473,0.080818266,0.010959262,2.664976358,-0.013631836,0.083239123,0.028185634,2.707856417,-0.013126954,0.079438917,-0.003546367,2.584209681,-0.038116209,0.584340394,0.172235578,2.782382011,0.016112305,0.081417486,-0.032351512,2.67146492,-0.009926758,0.079897299,0.011847694,2.661337852,M3
-0.013604004,0.080894947,-0.008428522,2.699574947,-0.014865234,0.082100518,-0.005828197,2.698973894,-0.014370605,0.079487301,-0.016766498,2.631868362,-0.013663086,0.079449654,-0.025070809,2.677329302,-0.013701172,0.083055347,-0.008902261,2.769316435,-0.013583008,0.081075341,-0.002775866,2.682290554,-0.014341309,0.083542757,0.000862232,2.746197462,-0.013619141,0.080536343,0.009788441,2.693787098,-0.0128125,0.079315782,-0.011865763,2.663855076,-0.013782226,0.082201712,-0.034852069,2.736999989,-0.012687012,0.08003813,0.001381836,2.597378254,-0.012931152,0.08129257,-0.016861051,2.707371235,-0.013942383,0.079239428,-0.027567828,2.624737978,-0.013788086,0.07864742,0.020297756,2.678850651,-0.013569336,0.08188346,-0.023232523,2.763884306,-0.012456543,0.080035962,0.024074998,2.654151201,-0.01355127,0.08220838,-0.011093201,2.760806322,M3
-0.013365814,0.080527738,0.00071286,2.688642025,-0.01363086,0.080561109,0.01509234,2.649591208,-0.012861328,0.079296038,0.015762947,2.625404596,-0.013276855,0.083750747,-0.00294516,2.731960058,-0.013601563,0.080924936,-0.040753666,2.678798437,-0.013720215,0.081761867,0.013290247,2.776344776,-0.012641601,0.080526263,-0.024203436,2.705374718,-0.013443848,0.078501105,0.019456655,2.608238459,-0.013154297,0.080668449,-0.017261818,2.671284676,-0.013791992,0.079132125,-0.002567614,2.624520063,-0.013616699,0.078665107,-0.026020704,2.628717184,-0.0131167,0.080124371,0.010509832,2.68601346,-0.013340821,0.078613818,0.033317301,2.601943254,-0.013427246,0.082368135,-0.008721716,2.761761189,-0.013628418,0.080977224,0.014894515,2.73544836,-0.013233398,0.079584114,0.023219701,2.670639753,-0.013367187,0.082790151,-0.00664431,2.744023323,M3
-0.011859741,0.191030711,-0.739447773,19.55001259,-0.013454102,0.079469673,0.011623902,2.640157461,-0.013261719,0.082614884,-0.005911699,2.760031223,-0.012625,0.081280023,0.021968804,2.688093901,-0.013343262,0.078474507,-0.005601567,2.574030876,-0.021024901,0.236993104,-0.116562366,13.29501152,-0.106387205,0.639276862,0.122377627,2.166196585,0.11559961,0.098132484,-0.019005764,2.716562986,0.000688477,0.08233685,0.015287396,2.715343952,-0.01776123,0.078255557,0.013600556,2.595914364,-0.018455567,0.080205351,0.042101093,2.673146009,-0.01722461,0.078303054,0.012361573,2.573150158,-0.015027343,0.081166737,0.026369894,2.68367362,-0.01511084,0.082917035,0.01859377,2.706952333,-0.013938965,0.079697341,0.013347763,2.629326582,-0.014877929,0.08019691,-0.008983075,2.658411264,-0.01355127,0.079063147,0.005867768,2.667525768,M3
-0.013444519,0.080060996,0.003608844,2.664232731,-0.013337403,0.079644509,0.029821234,2.651068687,-0.014058106,0.080378428,0.015646357,2.614716768,-0.013698731,0.078322545,-0.014814382,2.612260103,-0.013084473,0.079523258,0.002489035,2.674091578,-0.013961914,0.079251438,-0.006275863,2.552839518,-0.012897461,0.080181926,-0.003917998,2.658316374,-0.013408203,0.083380394,-0.025888588,2.817169428,-0.013347656,0.078897595,-0.001049596,2.630099535,-0.013439941,0.079655811,-0.009409141,2.650219917,-0.014135254,0.080203496,0.016130758,2.697202682,-0.013602539,0.080448091,0.018627794,2.655009747,-0.012898926,0.0834499,-0.001572206,2.769085407,-0.013229492,0.078809887,0.018082986,2.646663189,-0.013311035,0.079568811,0.008956346,2.63715291,-0.013223633,0.079544149,0.021986863,2.633200169,-0.013477539,0.079548813,-0.009272662,2.616164207,M3
-0.003801208,0.192657769,1.14083612,20.5708828,-0.013535645,0.082860947,-0.013249377,2.738959551,-0.012831543,0.079469383,0.012577271,2.673340321,-0.01346582,0.078580797,-0.005224802,2.713188648,-0.012472168,0.082890481,-0.015936231,2.841758728,-0.013847657,0.08100976,-0.008181209,2.694890261,-0.012898438,0.083676048,-0.013127741,2.728568316,-0.012939941,0.081239007,-0.004794955,2.666845322,-0.013775391,0.079486586,-0.011702986,2.614833593,-0.01317041,0.083007552,0.013714339,2.770335197,-0.013462402,0.079241201,0.002206672,2.627178192,-0.013219238,0.079590566,0.024784334,2.612338781,-0.012859375,0.0793107,0.007383755,2.634640455,-0.013101074,0.078633554,-0.015740957,2.670877218,-0.01969336,0.540282607,0.045318797,3.262224436,0.151678711,0.429620206,0.633719325,3.382824659,-0.021225587,0.082829438,-0.02861277,2.772963047,M3
-0.011766967,0.081121743,-0.007552386,2.726579905,-0.008251953,0.081157871,-0.030590996,2.736387014,-0.008649902,0.079097882,-0.003393311,2.690791368,-0.008558106,0.082954362,-0.014389476,2.733032227,-0.010135254,0.082469344,-0.02141086,2.799355507,-0.012298828,0.083062015,-0.022447295,2.767732382,-0.01190332,0.081852928,0.029078158,2.715020418,-0.01220166,0.078650147,-0.014455968,2.635178089,-0.012333984,0.080864228,-0.007212556,2.710273743,-0.01271289,0.080379404,0.004106298,2.669797182,-0.012804199,0.080831826,-0.016099351,2.718335867,-0.013224121,0.080777921,0.010350995,2.704464912,-0.012279297,0.077959284,-0.001333727,2.642408848,-0.012865723,0.081178017,-0.008802144,2.733422041,-0.013423828,0.082036451,-0.000457945,2.696729183,-0.013019531,0.082138315,-0.016657028,2.797515154,-0.013608887,0.082069002,-0.005668154,2.77983427,M3
-0.013294311,0.080968291,0.001415219,2.687795877,-0.013550293,0.07849586,0.02514345,2.664378405,-0.013476563,0.081837259,0.003427187,2.710138798,-0.013104492,0.083405226,0.000513258,2.707175493,-0.013053711,0.080173112,-0.012032316,2.640015841,-0.013039063,0.080529563,-0.02081497,2.658520222,-0.01373584,0.078661367,-0.006119497,2.583435535,-0.012929687,0.080102041,-0.03511006,2.658455133,-0.013509277,0.082095139,-0.003264733,2.718242645,-0.013021973,0.080858864,0.008635838,2.670893908,-0.01365039,0.08238101,0.025277371,2.744880676,-0.012824219,0.078675032,0.023706429,2.624050617,-0.013422851,0.081183776,0.014558314,2.69149375,-0.013374023,0.083550885,-0.000283061,2.787815809,-0.013395508,0.080579825,-0.010156192,2.627131224,-0.012939941,0.083198287,0.002586024,2.724006891,-0.013681152,0.079534575,0.006435668,2.671974421,M3
-0.012195618,0.193839505,-0.815952063,19.24388885,-0.013050293,0.079117306,0.005748268,2.62655592,-0.012932129,0.080705866,0.003932571,2.65946722,-0.013021484,0.078345098,-0.004490082,2.621087074,-0.013521973,0.080961436,-0.003902094,2.69643116,-0.013056153,0.079306208,0.014837415,2.571553707,-0.165907234,0.669472575,0.359440058,2.154945612,0.113579102,0.140179291,-1.053158641,4.398238182,0.040990721,0.085332744,0.04314341,2.733380556,-0.015156738,0.083235398,0.010284574,2.768101215,-0.016241699,0.080823615,-0.006505691,2.678584576,-0.01565625,0.080112331,0.012938984,2.670662403,-0.014934571,0.084442683,-0.018319115,2.779642582,-0.014867187,0.08014819,0.018822707,2.633676767,-0.014258789,0.078054838,0.00672584,2.643340588,-0.013565429,0.079295836,0.005126076,2.596700907,-0.013529785,0.078579769,0.012063233,2.641306162,M3
-0.013296722,0.080763631,0.001654451,2.703968287,-0.013523926,0.082537092,-0.032480251,2.751060724,-0.013103027,0.079867333,0.014871563,2.687896252,-0.013462402,0.082015678,0.013461542,2.72139883,-0.01326709,0.080078326,0.002487343,2.715389252,-0.013259278,0.078945331,-0.005651418,2.626251698,-0.013336426,0.084152654,0.004083354,2.767344236,-0.012773437,0.080535151,0.005915278,2.72568512,-0.013129883,0.082901999,0.020777689,2.828389645,-0.013325684,0.08111769,0.009647422,2.689269304,-0.013890137,0.07914418,-0.006312652,2.608864546,-0.012774902,0.080590747,0.004989288,2.670490026,-0.01260791,0.079932965,0.004449792,2.656964779,-0.013351074,0.080711044,-0.002993673,2.745130301,-0.013179688,0.080246814,-0.021553792,2.647702217,-0.013885742,0.078583285,0.012386618,2.602065802,-0.013876953,0.080672041,0.001467696,2.703371286,M3
